comment_id,sentence_pos,stereotype,stereotype_pred,stereotype_soft,stereotype_pred_soft
737,1,0,0,0.2689,0.23153177
321,3,0,0,0.2689,0.04073496
819,1,1,1,0.9526,0.8127953
746,1,0,0,0.0474,0.28706467
397,8,1,0,0.9526,0.2246478
397,2,0,0,0.0474,0.083663374
264,17,1,0,0.9526,0.37723708
85,1,0,0,0.0474,0.19825101
202,2,1,0,0.9526,0.32548913
282,1,0,0,0.0474,0.059917197
339,6,1,1,0.9526,0.9738279
264,9,0,0,0.0474,0.30599022
628,1,0,0,0.0474,0.14913172
559,1,0,0,0.0474,0.20542778
121,2,1,1,0.9526,1.0160042
342,4,0,0,0.0474,0.1114664
791,1,0,0,0.0474,0.0877916
662,1,0,0,0.2689,0.31171265
578,1,1,1,0.9526,0.55704904
250,10,0,0,0.0474,0.14982945
560,4,1,0,0.9526,0.37967366
250,11,0,0,0.0474,0.41203758
190,3,1,1,0.9526,0.80935913
616,2,0,1,0.2689,0.51578367
48,1,1,1,0.9526,0.8146681
50,1,0,0,0.0474,0.118494816
685,1,0,0,0.0474,0.08913326
174,1,0,0,0.0474,0.053507917
244,2,1,1,0.9526,0.8810247
622,1,0,0,0.0474,0.06192878
354,5,0,0,0.0474,0.36039767
164,3,0,1,0.0474,0.88113415
663,1,0,0,0.0474,0.043273702
725,1,0,0,0.0474,0.062262643
647,2,0,0,0.0474,0.123285435
507,3,0,0,0.0474,0.24980652
237,1,1,0,0.9526,0.19817647
553,2,0,0,0.2689,0.12245489
253,4,0,0,0.0474,0.38402042
518,1,0,1,0.2689,0.74231905
693,3,0,1,0.0474,0.64325607
714,1,0,0,0.0474,0.090566404
284,1,0,0,0.2689,0.35049266
760,2,0,1,0.2689,1.0247105
606,2,0,0,0.2689,0.148962
780,1,0,0,0.2689,0.46454513
121,4,0,0,0.0474,0.3216371
250,2,0,0,0.0474,0.092102386
307,3,0,0,0.2689,0.21035653
604,5,1,1,0.9526,0.92135555
250,9,0,0,0.0474,0.18440776
250,14,0,0,0.0474,0.23954114
264,3,0,0,0.0474,0.10236008
680,1,0,0,0.0474,0.093439616
366,5,0,0,0.0474,0.036187034
524,1,0,0,0.0474,0.301968
32,5,0,1,0.0474,0.5569499
741,3,1,1,0.9526,0.521578
267,1,1,1,0.9526,0.7058146
362,1,0,1,0.0474,0.9524406
267,2,0,1,0.0474,0.8582446
11,2,0,0,0.0474,0.24238126
179,1,0,0,0.0474,0.21023257
210,1,0,1,0.0474,0.5029862
377,1,0,0,0.0474,0.08534222
468,1,0,0,0.0474,0.043787044
794,2,1,1,0.9526,1.0390068
692,1,0,0,0.2689,0.038367063
103,1,0,0,0.0474,0.038221456
63,1,1,1,0.9526,1.0366064
229,1,0,0,0.0474,0.31857702
110,3,0,0,0.0474,0.11921
390,6,0,1,0.0474,0.78209645
34,3,0,1,0.0474,0.52253795
778,3,0,0,0.0474,0.093467526
118,3,0,1,0.2689,0.7097583
781,3,0,0,0.2689,0.39676985
528,2,0,0,0.2689,0.3298673
264,12,0,0,0.0474,0.22711745
412,4,0,0,0.2689,0.26539105
598,2,0,0,0.2689,0.06318689
718,2,0,0,0.0474,0.18351376
127,1,0,0,0.0474,0.17207079
188,1,0,0,0.0474,0.12005293
666,1,0,0,0.2689,0.12281611
318,11,1,1,0.9526,0.8013402
288,1,0,0,0.0474,0.17908344
162,1,0,0,0.0474,0.24366978
8,1,0,0,0.0474,0.12788072
412,7,1,1,0.9526,1.0565357
824,4,1,1,0.9526,0.57910234
561,1,1,0,0.9526,0.28412852
539,1,0,0,0.0474,0.4703721
816,1,0,0,0.0474,0.3123279
584,1,0,0,0.0474,0.39549804
419,1,0,0,0.2689,0.20961633
764,1,1,1,0.9526,1.0010406
353,3,0,0,0.0474,0.10924
433,1,0,0,0.0474,0.049370393
762,1,1,1,0.9526,0.8424737
250,13,0,0,0.0474,0.39875847
288,2,0,1,0.0474,0.5642633
327,1,0,0,0.0474,0.16598132
264,22,0,1,0.0474,0.5379135
190,2,0,0,0.2689,0.1682621
229,2,0,0,0.0474,0.18253283
583,1,0,0,0.0474,0.15405789
632,7,1,1,0.9526,0.9022421
797,2,0,1,0.2689,0.51949775
675,1,0,1,0.2689,0.5967539
109,2,0,0,0.0474,0.42687944
331,1,1,1,0.9526,0.79907966
501,6,0,0,0.0474,0.07225107
323,1,0,0,0.0474,0.39822352
613,1,1,1,0.9526,0.8257032
570,2,1,1,0.9526,0.91850716
710,3,1,0,0.9526,0.14256044
318,17,1,1,0.9526,0.7637476
297,2,0,0,0.0474,0.30802026
622,4,0,0,0.0474,0.2269249
288,5,0,0,0.2689,0.17093423
299,5,0,0,0.0474,0.07849693
290,2,0,0,0.2689,0.041816104
51,1,0,0,0.0474,0.0712849
372,1,0,1,0.0474,0.89850986
313,1,0,0,0.0474,0.15777877
150,2,1,0,0.9526,0.21755674
264,18,0,0,0.0474,0.15431559
740,3,0,0,0.0474,0.1828705
659,2,1,1,0.9526,0.6641179
210,2,0,0,0.0474,0.29554355
191,1,0,0,0.0474,0.06349757
185,1,0,1,0.0474,0.8893684
468,2,1,0,0.9526,0.3503668
169,1,1,0,0.9526,0.3020658
701,1,0,0,0.2689,0.16655944
588,2,1,0,0.9526,0.46796227
264,1,0,0,0.0474,0.3915779
774,9,0,0,0.0474,0.30160296
130,1,0,0,0.2689,0.1535005
699,1,0,0,0.0474,0.16149147
369,3,0,1,0.0474,0.6878309
55,1,0,0,0.0474,0.39221662
339,1,1,0,0.9526,0.38638207
201,1,1,1,0.9526,0.9001627
22,2,0,0,0.0474,0.09377685
280,3,1,1,0.9526,0.6641244
257,3,1,1,0.9526,0.72410303
477,1,0,0,0.0474,0.072894104
95,3,0,0,0.0474,0.10846981
145,2,1,0,0.9526,0.15424123
618,4,0,0,0.0474,0.21096647
265,1,0,0,0.0474,0.17894028
641,1,0,0,0.0474,0.04071932
755,1,1,1,0.9526,0.8588476
759,2,0,0,0.0474,0.2880919
157,1,0,0,0.0474,0.08948834
811,2,1,0,0.9526,0.45824942
793,3,1,0,0.9526,0.32188487
37,3,1,1,0.9526,0.8244772
264,8,0,0,0.2689,0.24911237
596,2,0,0,0.0474,-0.013394297
374,1,0,0,0.0474,0.1581595
35,1,1,1,0.9526,0.7734699
321,1,0,0,0.0474,0.2592929
34,2,0,0,0.0474,0.06289293
79,1,0,0,0.0474,0.15630376
322,4,0,0,0.2689,0.19366708
273,4,1,0,0.9526,0.17124252
397,6,0,0,0.0474,0.07349247
235,2,0,0,0.0474,0.14460403
228,1,0,0,0.0474,0.00835771
490,1,1,0,0.9526,0.11456273
814,4,1,0,0.9526,0.23350826
465,2,0,0,0.2689,0.22053178
265,2,0,0,0.0474,0.122771285
453,7,0,0,0.0474,0.016492367
311,5,1,1,0.9526,0.78211015
37,1,0,1,0.2689,0.9565718
693,1,1,1,0.9526,0.5699704
290,4,0,0,0.2689,0.30122894
608,2,1,1,0.9526,0.94634205
487,4,0,0,0.0474,0.122733735
571,1,0,0,0.2689,0.11004489
419,2,0,0,0.0474,0.3731474
498,3,0,0,0.0474,0.010584724
787,2,0,1,0.0474,0.9409004
202,1,0,0,0.0474,0.083547555
484,2,0,1,0.0474,0.694726
784,1,0,0,0.2689,0.16429636
493,5,0,0,0.0474,0.12597513
12,1,0,0,0.0474,0.43068475
506,1,1,1,0.9526,0.8467941
719,1,1,1,0.9526,0.8924804
562,1,1,1,0.9526,0.9630259
525,2,0,0,0.0474,0.0801017
664,1,0,0,0.0474,0.15567333
459,2,0,0,0.0474,0.32456088
632,6,1,1,0.9526,0.9957346
640,2,0,0,0.0474,0.11675506
46,3,0,0,0.0474,0.0628425
297,1,0,0,0.0474,0.3037761
494,4,1,1,0.9526,1.1059343
143,1,1,1,0.9526,0.905015
432,3,0,0,0.0474,0.03533283
697,1,1,0,0.9526,0.45007887
708,1,0,0,0.0474,0.49916342
83,1,0,0,0.0474,0.12714675
664,3,0,0,0.0474,0.066415034
108,1,1,1,0.9526,1.0568135
355,3,0,0,0.0474,0.046628673
412,1,0,0,0.0474,0.108163565
790,1,0,0,0.0474,0.12600523
515,1,0,0,0.2689,0.07171679
655,3,0,0,0.0474,0.12832016
361,3,0,0,0.0474,0.36005616
129,1,0,0,0.0474,0.15843193
371,1,0,0,0.0474,0.110920765
13,1,0,1,0.0474,1.048572
607,1,1,1,0.9526,1.0106629
703,1,1,1,0.9526,0.8418589
354,4,0,0,0.0474,0.2184371
247,3,0,1,0.2689,0.5993172
389,2,0,1,0.0474,0.5639775
410,2,0,0,0.0474,0.113070965
390,1,0,0,0.0474,0.03284607
94,1,0,0,0.0474,0.13236739
264,4,0,0,0.0474,0.43992576
437,1,1,1,0.9526,1.1591297
373,3,0,0,0.0474,0.050658047
516,1,0,0,0.2689,0.32201344
20,1,0,0,0.0474,0.050978832
638,1,0,0,0.0474,0.024296068
283,1,0,0,0.0474,0.047763824
624,1,0,1,0.2689,0.57399404
351,3,0,0,0.0474,0.09649618
99,1,1,1,0.9526,0.8709282
397,1,0,0,0.0474,0.18984994
724,2,0,0,0.0474,0.12387169
243,5,1,0,0.9526,0.40795222
30,2,0,0,0.0474,0.09463089
540,1,1,1,0.9526,0.9232489
772,2,1,1,0.9526,0.98525846
342,5,1,0,0.9526,0.4546363
392,1,0,0,0.0474,0.050097335
632,1,0,0,0.0474,0.18501952
313,2,0,0,0.0474,0.083980374
158,1,0,0,0.0474,0.41084445
663,3,0,0,0.0474,0.01446049
754,1,1,1,0.9526,0.5312606
54,3,0,0,0.0474,0.22250982
230,1,0,0,0.0474,0.13273373
668,3,0,0,0.0474,0.115345426
253,5,0,0,0.0474,0.11161936
352,4,0,0,0.0474,0.1163591
734,2,1,0,0.9526,0.46925882
216,1,1,1,0.9526,1.0422454
366,2,1,0,0.9526,0.37500167
507,4,0,0,0.0474,0.031450726
188,3,0,0,0.0474,0.20821813
712,1,0,0,0.0474,0.13443378
781,6,1,0,0.9526,0.41641378
763,2,0,0,0.0474,0.11396227
344,5,0,0,0.0474,0.14838512
713,3,0,0,0.2689,0.26502
481,2,0,0,0.0474,0.06889076
294,1,0,0,0.0474,0.1388709
33,1,0,0,0.0474,0.044624757
509,1,0,0,0.0474,0.070507325
792,1,0,0,0.0474,0.17317797
795,1,0,0,0.2689,0.15276471
239,2,0,0,0.0474,0.09731511
569,1,1,1,0.9526,0.9012191
172,2,0,0,0.0474,0.15285592
684,1,0,0,0.2689,0.36437637
751,1,0,0,0.2689,0.3374515
164,1,1,1,0.9526,1.0088362
373,1,1,1,0.9526,0.5148184
322,3,0,0,0.2689,0.25844458
386,2,1,0,0.9526,0.16497147
789,1,0,1,0.0474,0.5466641
649,1,0,0,0.0474,0.120056234
798,1,0,0,0.0474,0.0609826
614,3,0,0,0.0474,0.22214746
206,1,0,1,0.0474,0.77026397
794,4,1,0,0.9526,0.19104509
305,2,0,0,0.2689,0.34870753
457,2,0,0,0.0474,0.08340643
340,4,0,0,0.2689,0.052685186
135,1,1,1,0.9526,0.83381194
352,5,0,0,0.0474,0.25690204
121,5,0,1,0.2689,0.6720592
317,1,0,0,0.0474,0.05961951
205,1,0,0,0.0474,0.058903158
565,1,0,0,0.0474,0.16490757
560,3,0,0,0.2689,0.049587592
314,2,1,1,0.9526,1.0235766
276,1,1,1,0.9526,0.5323689
34,4,1,1,0.9526,1.0733876
495,2,1,1,0.9526,0.53237855
133,1,0,0,0.0474,0.16063046
24,1,1,1,0.9526,1.0132737
210,3,0,0,0.0474,0.048855737
180,1,0,0,0.0474,0.0843891
493,4,0,0,0.0474,0.112538174
536,1,0,0,0.0474,0.07174055
247,1,0,0,0.0474,0.42648777
503,1,0,0,0.0474,0.1057836
344,3,0,0,0.0474,0.38822502
533,1,0,0,0.0474,0.08850782
235,4,0,1,0.2689,0.5337105
347,2,0,0,0.0474,0.1441295
774,8,0,1,0.0474,0.6995026
500,1,0,1,0.0474,0.55187345
551,1,1,0,0.9526,0.27977908
797,3,0,1,0.2689,0.7077228
698,1,0,0,0.2689,0.45819402
742,1,0,0,0.0474,0.21465287
494,5,0,0,0.0474,0.047511898
259,2,0,0,0.0474,0.0766302
639,1,1,0,0.9526,0.26143944
67,1,0,0,0.0474,0.089745045
402,1,0,0,0.0474,0.11629839
318,10,0,0,0.2689,0.20074694
774,5,0,0,0.0474,0.2208789
612,1,1,1,0.9526,0.8840036
615,1,0,0,0.0474,0.09632421
821,2,0,0,0.0474,0.16855448
143,2,0,0,0.0474,0.17934643
93,1,1,1,0.9526,0.54358083
345,1,0,0,0.0474,0.11786886
124,2,0,0,0.0474,0.15603364
550,1,1,1,0.9526,0.96334636
822,1,0,0,0.0474,0.08780327
317,4,0,1,0.2689,0.7823974
192,2,0,0,0.0474,0.034905694
516,5,0,1,0.0474,0.9783943
523,2,0,0,0.0474,0.08963172
401,2,0,0,0.0474,0.03831321
291,2,0,0,0.0474,0.11518099
635,2,0,0,0.2689,0.0874264
596,1,0,0,0.2689,0.3346361
128,3,0,0,0.0474,0.34783137
787,5,1,1,0.9526,0.9864562
514,1,1,0,0.9526,0.23069684
259,6,0,0,0.0474,0.16381183
226,3,0,0,0.0474,0.015057866
393,2,0,0,0.0474,0.13532445
595,1,0,0,0.0474,0.018589024
681,1,1,1,0.9526,1.1601468
304,3,0,0,0.0474,0.41184795
599,1,1,1,0.9526,1.0116458
613,7,0,0,0.0474,0.17538531
320,1,1,1,0.9526,1.0023055
659,1,0,0,0.0474,0.061362423
445,1,1,0,0.9526,0.40482494
83,3,1,1,0.9526,0.94902414
153,1,0,0,0.0474,0.24180442
233,2,1,1,0.9526,0.70100635
252,1,0,0,0.0474,0.17227326
159,1,0,0,0.0474,0.06813269
775,2,0,0,0.0474,0.121143796
232,3,0,0,0.0474,0.12598903
662,3,1,0,0.9526,0.19464163
478,3,1,1,0.9526,1.0067682
794,1,0,0,0.2689,0.14281052
394,3,0,0,0.0474,0.14036152
462,1,0,0,0.0474,0.024900949
364,1,1,0,0.9526,0.10292229
802,2,1,1,0.9526,0.5106605
219,2,0,0,0.2689,0.45740837
755,3,0,1,0.0474,0.5725068
275,3,0,0,0.0474,0.1273799
87,1,1,1,0.9526,1.0747211
250,12,0,0,0.0474,0.20381273
742,4,0,0,0.0474,0.26644924
268,2,1,1,0.9526,0.5699622
299,4,0,0,0.0474,0.07566367
182,1,0,0,0.0474,0.12997665
575,1,1,1,0.9526,0.5064889
809,1,0,0,0.0474,0.12325027
394,1,1,0,0.9526,0.25257903
797,1,0,1,0.0474,0.6672144
101,1,1,1,0.9526,0.7910464
4,6,0,1,0.0474,1.0029211
138,1,0,0,0.0474,0.05510566
635,4,0,1,0.0474,0.6271868
717,2,1,1,0.9526,0.9078139
628,2,0,0,0.0474,0.14802837
239,1,0,0,0.0474,0.39537567
264,6,1,0,0.9526,0.2731297
333,2,0,0,0.0474,0.15405756
632,5,1,1,0.9526,0.73830295
339,2,1,1,0.9526,1.0044699
234,3,0,0,0.0474,0.36278397
101,2,0,0,0.0474,0.17951846
328,3,1,0,0.9526,0.44189116
443,1,0,0,0.0474,0.19336939
291,1,0,0,0.0474,0.12665576
516,2,0,0,0.2689,0.3453486
432,1,0,0,0.0474,0.23025325
273,7,1,0,0.9526,0.24609378
774,7,0,0,0.0474,0.42617968
321,2,1,0,0.9526,0.44862863
499,1,0,0,0.0474,0.101712026
708,2,0,0,0.0474,0.24062172
231,1,0,1,0.0474,1.0317535
411,2,1,1,0.9526,0.64256203
165,1,1,1,0.9526,0.95898724
28,1,0,0,0.0474,0.16063046
743,1,0,0,0.0474,0.089728884
236,1,1,0,0.9526,0.19297074
345,5,1,1,0.9526,0.87952375
19,1,0,0,0.0474,0.095232144
46,4,0,0,0.0474,0.179822
145,1,0,0,0.0474,0.19148478
745,2,0,1,0.2689,0.89621943
192,1,0,0,0.0474,0.052825563
46,5,0,0,0.0474,0.14291818
349,3,0,0,0.0474,0.34806693
47,5,0,0,0.0474,0.13124758
515,2,0,0,0.0474,0.094538055
819,2,0,0,0.2689,0.072794534
341,3,0,0,0.0474,0.08454623
537,1,1,0,0.9526,0.37736782
442,3,0,0,0.0474,0.21051933
343,2,1,1,0.9526,1.0359068
397,7,1,1,0.9526,0.74270713
235,1,1,0,0.9526,0.20702296
434,1,0,0,0.0474,0.38242438
510,1,0,0,0.0474,0.115412
56,1,0,0,0.0474,0.18359113
591,1,0,0,0.0474,0.19521101
707,2,0,0,0.0474,0.1326087
469,4,0,0,0.0474,0.08312568
419,3,0,0,0.0474,0.14528853
563,2,1,1,0.9526,0.8206075
426,1,0,0,0.2689,0.15231964
405,1,0,0,0.2689,0.27703202
414,1,0,1,0.0474,0.94829816
759,1,0,0,0.0474,0.36720854
614,1,0,0,0.2689,0.36652458
296,1,0,0,0.0474,0.19360816
588,3,0,0,0.0474,0.08752818
627,1,0,0,0.0474,0.13966246
522,1,0,0,0.0474,0.13763854
654,4,1,0,0.9526,0.40842575
491,1,0,0,0.0474,0.07896773
420,1,0,0,0.0474,0.109396964
225,1,1,1,0.9526,0.8832849
632,2,1,0,0.9526,0.10134637
683,1,1,1,0.9526,0.9988167
387,1,0,0,0.0474,0.26577517
280,1,1,0,0.9526,0.19278395
786,7,0,0,0.2689,0.112517476
339,4,1,1,0.9526,0.9736725
115,1,0,0,0.0474,0.16219774
118,1,0,1,0.0474,0.5544186
338,1,1,1,0.9526,0.63796735
707,4,0,0,0.0474,0.011742438
771,2,1,1,0.9526,0.85448533
79,2,0,0,0.0474,0.46258298
481,3,0,0,0.0474,0.073386304
445,2,0,0,0.0474,0.021807842
139,1,0,1,0.2689,0.62736964
72,1,0,0,0.0474,0.12751229
485,1,1,1,0.9526,1.0977428
381,1,1,1,0.9526,0.8702157
287,1,0,0,0.0474,0.04560586
318,9,0,0,0.2689,-0.0222309
645,2,0,0,0.0474,0.15216272
164,2,1,1,0.9526,1.1299986
96,1,0,0,0.0474,0.38241443
431,1,1,1,0.9526,0.8922992
164,5,0,1,0.2689,0.52609575
592,1,0,0,0.2689,0.25658414
32,3,0,0,0.0474,0.15454492
735,1,0,0,0.0474,0.18488643
822,2,0,0,0.0474,0.22764117
519,1,0,0,0.0474,0.112822525
279,4,0,0,0.0474,0.108087845
255,1,0,0,0.0474,0.025354343
577,1,0,0,0.0474,0.21734227
466,2,0,0,0.2689,0.31282413
553,1,0,0,0.0474,0.24701893
502,3,1,1,0.9526,0.7090615
668,2,0,0,0.0474,0.07855445
350,1,0,0,0.0474,0.19045426
263,1,1,1,0.9526,0.6351768
753,1,0,0,0.2689,0.3526942
461,1,0,0,0.0474,0.07484759
455,2,0,0,0.0474,0.10433361
110,1,0,0,0.0474,0.0323487
786,6,1,1,0.9526,0.9409354
149,2,1,1,0.9526,1.0633361
463,2,1,1,0.9526,0.84610504
661,1,0,0,0.0474,0.1835204
353,6,0,1,0.0474,0.75278497
295,3,0,0,0.0474,0.0381499
198,2,0,0,0.0474,0.37161124
486,2,0,0,0.0474,0.02961007
280,2,1,0,0.9526,0.16185275
530,2,0,0,0.0474,0.033610575
438,1,0,1,0.0474,0.6577164
251,1,0,0,0.0474,0.07961794
674,1,0,0,0.0474,0.16438197
293,1,0,0,0.0474,0.05454218
740,2,0,0,0.0474,0.21973053
805,1,1,1,0.9526,0.9840413
383,1,0,0,0.0474,0.05495564
493,1,0,0,0.0474,0.2951125
413,1,0,1,0.2689,0.8178902
339,3,1,1,0.9526,0.90926415
821,3,0,0,0.2689,0.35696983
713,4,1,1,0.9526,0.57112813
667,2,0,0,0.2689,0.08546976
753,3,1,0,0.9526,0.36781228
333,1,0,0,0.0474,0.09083914
576,1,1,1,0.9526,0.79719186
429,1,0,0,0.2689,0.4443438
253,3,0,1,0.2689,0.64206517
746,2,0,0,0.0474,0.2209318
145,4,0,0,0.0474,0.0300037
763,3,0,0,0.0474,0.3360502
196,1,0,0,0.0474,0.115582295
439,1,0,0,0.2689,0.269741
121,1,0,1,0.0474,1.0220817
774,4,0,0,0.0474,0.26472756
730,1,0,0,0.0474,0.07118522
106,1,0,0,0.0474,0.43628496
740,1,0,0,0.0474,0.3317795
637,1,0,0,0.0474,0.15032592
30,1,0,0,0.0474,0.2746488
653,1,0,0,0.0474,0.045738243
648,1,0,0,0.0474,0.21932152
200,1,1,0,0.9526,0.43588364
398,1,0,1,0.0474,0.5034453
270,1,1,1,0.9526,0.8591508
687,1,0,0,0.0474,0.16132909
660,2,0,0,0.0474,0.21168801
592,2,1,1,0.9526,0.9305907
318,18,1,0,0.9526,0.2224171
354,2,0,0,0.0474,0.4737658
317,2,1,1,0.9526,0.8912668
53,2,0,0,0.0474,0.11267742
497,2,0,0,0.0474,0.15843497
411,1,1,1,0.9526,0.8583015
260,1,0,0,0.0474,0.09559051
259,1,1,1,0.9526,0.71866786
38,3,0,1,0.0474,0.9373679
621,1,0,0,0.0474,0.1357153
365,1,0,0,0.0474,0.24589334
209,1,0,0,0.0474,0.19873531
702,3,1,1,0.9526,0.8846451
39,2,0,0,0.0474,0.15599602
697,2,0,1,0.2689,0.58141404
178,1,0,0,0.2689,0.2068947
402,2,0,0,0.0474,0.16055533
632,3,0,0,0.0474,0.12941954
301,1,0,0,0.2689,0.46250275
341,1,1,1,0.9526,0.9950013
421,1,0,0,0.0474,0.081641115
243,6,0,0,0.0474,0.38617936
252,5,0,0,0.2689,0.079256535
606,1,0,0,0.0474,0.08596318
149,3,0,1,0.2689,0.59623706
667,1,0,0,0.0474,0.04702083
820,5,0,0,0.0474,0.31274268
542,1,0,1,0.2689,0.74441445
608,1,0,1,0.0474,0.73447
488,1,0,0,0.0474,0.06285309
404,4,1,1,0.9526,0.7735308
817,1,1,1,0.9526,0.8325136
787,6,0,0,0.2689,0.27302215
785,1,0,1,0.2689,0.7823458
177,1,0,0,0.2689,0.15697348
799,2,0,0,0.2689,0.15463689
676,1,1,1,0.9526,0.5284606
412,6,0,0,0.2689,0.14690888
469,2,1,0,0.7311,0.4365024
327,4,0,0,0.0474,0.2216754
89,1,0,0,0.0474,0.29532886
554,1,0,0,0.0474,0.006224158
280,6,0,0,0.0474,0.12078618
40,2,0,0,0.0474,0.03990742
566,1,0,0,0.2689,0.23648655
782,1,1,1,0.9526,0.89105403
245,2,0,0,0.0474,0.19482726
27,1,0,0,0.0474,0.3826548
614,2,0,0,0.2689,0.13515249
111,1,0,0,0.0474,0.08920955
50,3,0,0,0.0474,0.13081099
656,1,0,0,0.0474,0.12910685
602,1,1,0,0.9526,0.40991968
788,2,0,0,0.0474,0.05098343
86,1,0,0,0.0474,0.045517307
307,4,0,0,0.0474,0.15150948
281,1,0,0,0.0474,0.0693933
669,1,0,0,0.0474,-0.027103683
5,2,1,1,0.9526,0.6595819
234,1,0,0,0.0474,0.2994972
527,1,0,0,0.0474,0.105739795
149,1,0,1,0.2689,0.59431857
715,3,0,0,0.0474,0.1606989
235,3,0,0,0.0474,0.13173835
703,2,1,0,0.9526,0.13665058
724,3,0,0,0.0474,0.039538585
12,2,0,0,0.0474,0.14082669
345,2,1,0,0.9526,0.08301661
508,1,0,0,0.0474,0.02715705
109,4,0,0,0.0474,0.35145023
316,1,0,0,0.0474,0.140142
176,1,0,0,0.0474,0.40532112
269,2,0,0,0.0474,0.10119554
441,1,1,1,0.9526,1.0187354
524,3,0,0,0.0474,0.1535062
478,4,0,0,0.0474,0.2213035
187,1,1,1,0.9526,0.89237666
71,1,0,0,0.2689,0.17425029
198,1,0,0,0.0474,0.22936611
39,1,0,0,0.0474,0.41056862
22,1,0,0,0.0474,0.04097741
249,3,1,1,0.9526,0.78409183
77,3,0,1,0.0474,1.054484
483,1,0,0,0.0474,0.06167363
563,1,1,1,0.9526,0.79221416
483,3,0,0,0.0474,0.07765301
671,2,0,1,0.0474,0.6810968
256,3,1,1,0.9526,0.86232305
90,1,1,1,0.9526,1.0554118
599,2,1,1,0.9526,0.64957774
309,1,0,0,0.0474,0.20635407
654,2,1,1,0.9526,0.82196563
264,2,0,0,0.0474,0.15079638
188,5,0,0,0.0474,0.4810302
556,1,1,1,0.9526,0.7944269
808,1,0,0,0.0474,0.16519058
476,1,0,0,0.0474,0.18176123
774,2,0,0,0.0474,0.024269208
361,2,0,0,0.0474,0.39674515
288,4,0,1,0.0474,0.61132896
391,2,0,0,0.0474,0.20264502
124,1,1,1,0.9526,0.9885664
334,1,1,1,0.9526,0.9834943
811,3,1,0,0.9526,0.100683324
166,1,1,0,0.9526,0.19139862
237,3,0,0,0.0474,0.3435104
781,7,0,1,0.2689,0.6833812
344,2,0,0,0.0474,0.28604668
164,4,0,1,0.2689,0.6360196
235,5,0,0,0.0474,0.17846455
204,1,0,0,0.2689,0.12049535
273,3,0,0,0.0474,0.058757976
495,1,1,1,0.9526,0.88871247
91,1,0,0,0.0474,0.08741664
325,4,0,0,0.0474,0.09827887
297,3,0,0,0.0474,0.06520515
730,3,0,0,0.0474,0.1698224
429,2,0,0,0.0474,0.015284571
572,1,1,1,0.9526,0.6811578
761,2,0,1,0.2689,0.824054
156,1,0,0,0.0474,-0.00088445644
503,2,1,1,0.9526,0.7579984
246,4,0,0,0.2689,-0.019741757
512,1,0,0,0.0474,0.15051821
433,2,0,0,0.0474,0.09648457
207,2,1,1,0.9526,1.077238
786,5,0,0,0.0474,0.3542315
47,3,0,0,0.0474,0.026127711
55,3,0,0,0.0474,0.07351018
494,1,1,0,0.9526,0.058172833
763,1,0,0,0.2689,0.45523062
193,1,0,0,0.0474,0.1050481
665,1,0,0,0.0474,0.25408065
315,1,1,1,0.9526,0.68826
326,2,1,0,0.9526,0.22062075
107,1,0,1,0.0474,0.622894
492,2,0,0,0.0474,0.19306922
66,1,1,1,0.9526,0.9708022
660,1,0,0,0.0474,0.025323339
525,1,0,0,0.0474,0.025873296
400,1,0,0,0.0474,0.44116074
747,1,0,0,0.0474,0.009572747
425,2,0,0,0.0474,0.18704145
766,1,0,0,0.0474,0.2669241
604,4,1,1,0.9526,0.9770313
325,2,0,0,0.0474,0.24999475
323,4,0,0,0.0474,0.16248405
4,1,0,0,0.0474,0.2972899
706,1,0,0,0.0474,-0.012124077
502,2,0,0,0.0474,0.022363022
147,4,1,1,0.9526,0.985745
152,1,1,0,0.9526,0.3733581
299,2,1,0,0.9526,0.37118942
597,1,0,0,0.0474,-0.016616862
528,3,0,1,0.2689,0.862617
57,1,0,1,0.0474,0.5839786
472,2,1,1,0.9526,0.928314
173,1,0,0,0.0474,0.09376582
418,2,0,0,0.0474,0.12062436
696,1,0,0,0.2689,0.08220505
671,1,0,0,0.0474,0.14621791
774,1,0,0,0.0474,0.21849202
325,3,0,0,0.0474,0.096319586
588,1,1,1,0.9526,0.965319
440,1,0,0,0.0474,0.06027694
521,2,0,0,0.0474,0.07651153
387,2,1,1,0.9526,0.886135
77,6,0,0,0.0474,0.07530532
354,6,1,1,0.9526,0.9468788
303,2,0,0,0.0474,0.08128706
259,4,0,0,0.0474,0.21631193
580,1,0,0,0.2689,0.02401248
287,2,0,0,0.2689,0.26222107
98,1,0,0,0.0474,0.0387899
676,3,1,1,0.9526,0.5912107
410,1,0,0,0.0474,0.10818299
227,2,0,0,0.0474,0.078200996
45,2,1,0,0.9526,0.1995526
800,1,0,1,0.2689,0.7956165
345,7,1,0,0.9526,0.25017756
77,4,0,1,0.0474,0.6214317
232,2,1,1,0.9526,1.0498337
394,2,1,1,0.9526,0.86568236
250,8,0,0,0.0474,0.35544086
376,1,0,1,0.2689,0.8123264
312,3,0,0,0.0474,0.07871324
541,1,0,0,0.0474,0.09473307
673,2,0,0,0.0474,0.16586456
511,2,0,0,0.0474,-0.004132931
243,2,0,0,0.0474,0.25492305
382,4,0,0,0.0474,0.12629686
89,2,1,1,0.9526,0.84530413
214,2,0,0,0.0474,0.042433716
278,1,1,0,0.9526,0.4699545
360,2,0,0,0.0474,0.25144613
711,1,0,0,0.0474,-0.01026816
395,1,1,1,0.9526,0.91759425
677,1,0,0,0.0474,0.014080434
484,1,0,0,0.0474,0.18419439
372,3,0,0,0.0474,0.2134603
354,3,0,0,0.0474,0.36226428
440,2,1,1,0.9526,0.51295185
311,9,0,0,0.0474,0.30935276
67,2,0,1,0.2689,0.9911299
620,2,0,1,0.2689,0.8919877
580,2,0,0,0.2689,0.16630383
233,1,0,0,0.0474,0.13692419
304,2,0,0,0.0474,0.09217436
564,2,0,0,0.0474,0.02168886
404,3,0,0,0.0474,0.20737311
295,1,0,0,0.0474,0.052004732
154,2,0,0,0.0474,0.12178532
453,2,0,1,0.0474,0.7481159
783,2,1,1,0.9526,0.51809025
41,1,1,0,0.9526,0.3763977
18,2,0,1,0.0474,0.5208011
746,3,0,0,0.2689,0.38033298
794,3,1,1,0.9526,1.0143813
59,1,0,0,0.0474,0.038221456
358,3,0,0,0.0474,0.02071063
753,2,1,1,0.9526,0.9238701
610,1,0,0,0.0474,0.1516274
768,2,0,0,0.2689,0.07731918
432,2,0,0,0.0474,0.3224049
80,1,0,1,0.0474,1.005012
325,6,0,0,0.0474,0.15675646
151,1,0,0,0.0474,0.0937753
781,5,0,1,0.0474,0.78463894
366,1,0,0,0.0474,0.16382547
189,1,0,0,0.0474,0.08817582
274,1,1,1,0.9526,0.7683109
353,2,0,0,0.0474,0.2153868
778,4,0,0,0.0474,0.1577496
544,1,0,0,0.2689,0.36648238
655,2,0,0,0.0474,0.20347896
564,1,0,0,0.0474,0.1652117
801,2,1,0,0.9526,0.45587194
246,1,0,0,0.0474,0.15236491
206,2,0,1,0.0474,0.56993794
181,1,1,0,0.9526,0.48551112
745,5,1,0,0.9526,0.08420588
731,3,0,0,0.0474,0.3009733
597,2,0,0,0.0474,0.07165501
443,3,0,0,0.0474,0.1487855
359,1,0,0,0.0474,0.11850501
770,1,1,1,0.9526,0.70330286
353,1,0,0,0.0474,0.42922756
793,2,1,1,0.9526,0.6511844
453,6,0,0,0.0474,-0.025323264
177,2,0,0,0.2689,0.12239304
673,1,0,0,0.0474,0.16013077
171,1,0,0,0.0474,0.09066245
626,1,0,0,0.0474,0.079936795
535,1,0,1,0.0474,0.62434113
719,2,1,0,0.9526,0.2113069
82,1,0,0,0.0474,0.04228168
4,3,0,0,0.0474,0.2000446
83,4,0,0,0.0474,0.20650151
307,2,1,1,0.9526,1.0083262
134,1,0,0,0.0474,0.09104904
486,3,0,1,0.0474,0.7131567
567,1,1,0,0.9526,0.18130554
313,4,0,0,0.0474,0.22521907
132,2,0,0,0.0474,0.015563349
481,1,0,0,0.0474,0.002603586
64,1,1,1,0.9526,1.0647379
760,7,1,0,0.9526,0.38781184
264,23,0,0,0.2689,0.08557772
380,1,1,1,0.9526,0.9166156
623,2,0,0,0.0474,0.3043905
613,5,1,1,0.9526,0.95099574
473,2,1,1,0.9526,0.50352377
268,3,0,0,0.0474,0.16162938
65,1,1,1,0.9526,0.8107288
721,1,0,0,0.0474,0.0805885
264,5,0,0,0.0474,0.11635468
113,1,0,0,0.0474,0.16713826
325,5,0,0,0.2689,0.21486557
345,6,1,1,0.9526,0.6184814
715,1,0,0,0.0474,0.048644572
227,1,0,0,0.0474,0.073023304
175,1,0,0,0.0474,0.114512116
427,2,0,0,0.0474,0.2571704
158,2,0,0,0.0474,0.14600927
500,2,0,1,0.0474,0.6717392
459,5,0,0,0.2689,0.17066285
741,2,1,1,0.9526,0.8487041
771,1,0,1,0.2689,0.9163115
323,3,1,1,0.9526,0.6700573
97,1,0,0,0.0474,0.14219163
239,3,0,0,0.2689,0.22170699
275,1,0,0,0.0474,0.06507601
256,6,0,0,0.0474,0.1128758
289,2,0,0,0.0474,0.05999831
577,3,0,0,0.0474,0.12394465
742,2,0,0,0.0474,0.24797067
0,4,0,0,0.2689,0.3838577
463,1,1,1,0.9526,0.9844154
734,1,1,1,0.9526,0.92627805
249,2,1,1,0.9526,0.7551104
172,1,0,0,0.0474,0.2780894
0,6,1,1,0.9526,1.0143042
112,1,0,0,0.0474,0.07100133
264,21,1,1,0.9526,0.84753627
115,3,1,1,0.9526,1.0403498
17,1,0,0,0.2689,0.17235795
264,16,0,0,0.0474,0.1338278
123,1,1,1,0.9526,1.0571374
457,1,1,0,0.9526,0.26135498
63,2,1,1,0.9526,0.9523101
820,1,0,0,0.0474,0.10198383
730,2,0,0,0.0474,0.11049509
645,1,0,0,0.0474,0.0610639
459,6,0,1,0.0474,0.83976316
357,2,1,1,0.9526,0.94506174
242,3,0,0,0.0474,0.14461404
363,1,0,0,0.0474,0.097862564
589,1,0,0,0.0474,0.14460433
573,1,1,1,0.9526,0.91496307
466,1,0,1,0.2689,0.7383092
757,1,0,0,0.2689,0.23303626
279,3,0,0,0.0474,0.109307565
733,2,1,0,0.9526,0.28569007
812,1,0,0,0.2689,0.49195892
311,6,1,1,0.9526,0.54193634
237,4,0,0,0.0474,0.01646794
769,1,0,1,0.2689,0.56151295
207,1,1,0,0.9526,0.22328177
604,7,0,0,0.0474,0.07308604
167,1,1,0,0.9526,0.26865613
241,1,0,0,0.0474,0.17899342
663,5,0,0,0.0474,0.033157982
171,2,0,0,0.0474,0.106090195
147,3,1,1,0.9526,1.1370906
443,2,0,0,0.0474,0.15624635
479,1,0,0,0.0474,0.1059662
741,1,0,0,0.2689,0.21080802
234,2,0,0,0.0474,0.26899856
266,1,0,0,0.0474,0.19810586
285,1,0,0,0.0474,0.032331727
810,1,0,1,0.2689,0.5612676
202,3,1,0,0.9526,0.11992706
560,1,0,0,0.2689,0.33700383
488,2,1,1,0.9526,0.89194345
471,4,0,0,0.2689,0.06578759
664,2,0,0,0.0474,0.0950287
387,3,1,1,0.9526,0.8827784
115,2,0,0,0.0474,0.11135982
604,3,0,0,0.2689,0.10114924
676,2,1,1,0.9526,1.0912915
522,2,0,0,0.0474,0.14680623
804,1,1,0,0.9526,0.41726267
32,6,0,0,0.0474,-0.085141115
215,3,0,0,0.0474,0.119123966
279,1,1,0,0.9526,0.26302773
8,2,0,1,0.0474,0.7661406
109,1,0,0,0.0474,0.38090545
628,3,0,0,0.0474,0.020034157
68,1,0,0,0.0474,0.0803026
264,10,0,1,0.0474,0.5586958
353,4,0,0,0.0474,0.25820464
451,1,1,1,0.9526,0.85495526
409,1,0,0,0.0474,0.25747117
40,1,0,0,0.0474,0.12633629
746,4,0,0,0.0474,0.04494405
144,1,1,1,0.9526,0.9571714
506,2,1,1,0.9526,0.90502197
475,2,0,1,0.2689,0.6628391
408,1,0,1,0.2689,0.98898196
747,2,0,0,0.0474,0.101339824
300,1,0,1,0.0474,0.8789711
546,1,0,0,0.0474,0.131994
774,6,0,0,0.0474,0.053155176
638,3,0,0,0.0474,0.086550534
757,2,1,1,0.9526,0.83223575
824,1,0,0,0.2689,0.17392105
257,2,0,0,0.0474,0.22270635
144,2,1,1,0.9526,0.8708609
257,4,0,0,0.0474,0.1340114
516,4,1,1,0.9526,0.8802636
199,1,0,0,0.0474,0.10266017
663,4,0,0,0.0474,0.123297
465,1,0,0,0.2689,0.4993358
298,1,0,0,0.0474,0.13770631
0,3,0,0,0.0474,0.14385983
1,1,0,0,0.0474,0.23643565
447,2,0,0,0.0474,0.059594154
165,2,0,0,0.0474,0.12691753
532,1,0,0,0.0474,0.07387164
409,2,0,0,0.0474,0.11445702
311,10,0,0,0.2689,0.18596715
200,2,0,0,0.0474,0.19858679
814,2,0,0,0.2689,0.24406552
109,5,1,1,0.9526,0.78193474
731,1,1,0,0.9526,0.2796288
10,2,1,0,0.9526,0.2409507
585,1,1,1,0.9526,0.888537
262,1,0,0,0.0474,0.21589419
760,4,0,1,0.2689,0.5539479
491,2,0,0,0.0474,0.05877716
304,4,0,0,0.0474,0.35372183
161,1,0,1,0.0474,0.64503884
324,3,0,1,0.2689,0.7202593
318,8,0,0,0.2689,0.04371792
640,1,0,0,0.0474,0.14245585
538,1,0,0,0.0474,0.11705786
298,3,0,0,0.0474,0.20719728
1,2,0,1,0.0474,0.6378789
131,1,0,0,0.0474,0.0471439
352,1,0,1,0.0474,0.83018893
9,1,1,1,0.9526,0.7405903
183,2,0,0,0.0474,0.16372806
274,2,0,0,0.0474,0.07137326
21,2,1,1,0.9526,1.0074615
605,2,0,0,0.0474,0.102888756
47,4,0,0,0.0474,0.0871375
190,1,0,0,0.0474,0.4214452
27,2,0,0,0.0474,0.11793894
121,3,0,1,0.2689,0.647291
109,3,0,0,0.0474,0.23864591
53,4,0,1,0.2689,0.88178
500,7,0,0,0.0474,0.06572359
753,5,0,0,0.0474,0.08296574
348,1,1,0,0.9526,0.033359725
34,5,0,0,0.0474,0.4202586
401,1,0,0,0.0474,0.11965831
353,5,0,0,0.0474,-0.012306544
715,4,0,0,0.2689,0.12930448
37,2,0,0,0.0474,0.44303143
412,2,0,1,0.2689,0.57038873
453,3,1,1,0.9526,0.9390546
20,2,0,0,0.0474,0.09929904
727,3,1,1,0.9526,0.5315802
260,2,0,0,0.0474,0.11243618
118,2,1,1,0.9526,0.9735873
305,3,0,0,0.0474,0.38567388
603,2,0,0,0.0474,0.20594214
774,3,0,0,0.0474,0.17414942
479,3,0,0,0.0474,0.27264762
264,7,0,0,0.0474,0.09246563
502,4,0,0,0.0474,0.050134942
617,1,0,0,0.0474,0.20167717
288,6,0,0,0.0474,0.21373303
248,1,0,0,0.0474,0.083236985
613,6,0,1,0.0474,0.6340075
345,8,1,0,0.9526,0.041509457
704,1,0,1,0.2689,0.5556927
473,1,0,0,0.2689,0.18247531
512,2,0,0,0.0474,0.08954827
31,1,0,0,0.0474,0.15247862
638,2,0,0,0.0474,0.43626744
707,5,0,0,0.0474,0.07037009
44,1,1,1,0.9526,0.8884853
312,1,0,1,0.0474,0.7527891
438,4,0,0,0.0474,0.12026726
725,2,1,1,0.9526,0.9576364
97,2,0,0,0.2689,0.18395382
147,2,0,1,0.0474,0.6255146
318,12,1,0,0.9526,0.18286161
618,1,0,0,0.0474,0.15379432
197,1,0,0,0.0474,0.13601857
455,1,0,0,0.0474,0.1913511
259,7,1,1,0.9526,0.73222446
587,1,0,0,0.2689,0.28001443
483,7,0,0,0.0474,0.34300604
688,1,0,0,0.0474,0.11439457
471,3,0,1,0.0474,0.83849645
366,3,0,0,0.0474,0.18541616
92,1,0,0,0.0474,0.3870162
541,2,0,0,0.0474,0.063941546
577,2,0,0,0.0474,0.15977004
49,1,0,0,0.0474,0.2540358
487,3,0,0,0.0474,0.016464941
497,1,0,0,0.0474,0.18560976
488,3,1,0,0.9526,0.18256691
18,3,0,0,0.0474,0.09162376
334,2,1,1,0.9526,0.9165193
55,2,1,1,0.9526,0.9111179
104,1,0,1,0.0474,0.8335852
486,4,1,1,0.9526,0.6783335
25,1,1,1,0.9526,0.91628003
613,3,1,1,0.9526,0.98094785
264,19,0,0,0.0474,0.16283938
34,1,0,0,0.0474,0.29108223
459,1,0,1,0.0474,0.7703699
632,4,0,0,0.2689,0.06204698
92,2,0,0,0.0474,0.19283369
63,3,1,1,0.9526,0.8868212
391,1,0,0,0.0474,0.10118049
349,1,0,0,0.0474,-0.047400087
60,1,0,0,0.0474,0.0940093
38,2,1,0,0.9526,0.17556943
631,1,0,0,0.0474,0.20416802
264,15,0,0,0.0474,0.12736724
657,1,1,1,0.9526,0.79655623
431,2,0,0,0.0474,0.11362869
81,1,0,1,0.0474,0.7047589
128,1,0,0,0.0474,0.07922546
243,1,0,0,0.0474,0.028372385
524,4,0,0,0.0474,0.17649385
371,2,0,0,0.0474,0.07592267
723,1,0,0,0.0474,0.12798597
46,1,0,0,0.0474,0.10977689
814,3,1,0,0.9526,0.22921784
328,4,1,0,0.9526,0.34202603
601,2,0,0,0.0474,0.0808248
46,6,1,0,0.9526,0.22903582
237,2,1,1,0.9526,0.74317884
35,2,0,0,0.0474,0.088075936
744,1,0,0,0.0474,0.20329227
824,3,1,1,0.9526,0.82581824
398,2,0,1,0.0474,0.9659394
713,1,0,0,0.2689,0.30395803
693,4,0,0,0.0474,0.15224251
668,1,0,0,0.0474,0.046766914
340,2,1,1,0.9526,0.7209942
433,3,0,0,0.0474,0.26656187
213,2,0,0,0.0474,0.39745533
120,1,0,0,0.0474,0.09456078
140,1,0,1,0.2689,0.62736964
807,1,0,0,0.0474,0.10274206
53,1,1,1,0.9526,0.96912295
826,1,0,0,0.2689,0.15809496
314,1,1,0,0.9526,0.25256592
128,2,0,0,0.2689,0.48311868
594,1,0,0,0.0474,0.39504838
44,3,0,1,0.2689,0.69034535
13,2,0,1,0.0474,0.6802774
600,2,0,0,0.0474,0.095820434
693,2,0,0,0.0474,0.110540815
243,3,0,1,0.2689,0.89514446
324,1,0,0,0.0474,0.060101368
619,1,0,0,0.2689,0.4906001
622,2,0,0,0.0474,0.052732147
0,1,0,0,0.0474,0.4617996
547,1,1,1,0.9526,0.9659899
38,4,1,1,0.9526,0.90900314
507,1,1,1,0.9526,0.8733922
314,4,0,1,0.2689,0.94101626
593,1,0,0,0.0474,0.3795223
461,4,0,0,0.0474,0.091135055
342,3,0,0,0.0474,0.054797083
487,1,0,0,0.0474,0.122041695
502,6,0,0,0.0474,0.21642533
649,2,0,1,0.0474,0.9420332
707,3,0,0,0.2689,0.06964142
224,1,0,1,0.0474,0.6193857
760,3,0,1,0.2689,0.81333375
511,1,0,0,0.0474,0.25012577
47,2,0,0,0.0474,0.07347586
318,5,0,0,0.2689,0.27149385
689,1,0,0,0.0474,0.07412303
355,5,0,0,0.0474,0.058662295
32,2,0,0,0.0474,0.023515351
368,1,0,0,0.0474,-0.0012131565
531,3,1,1,0.9526,0.65114355
112,2,0,0,0.0474,0.070327975
69,1,0,0,0.0474,0.4511904
480,1,1,1,0.9526,0.58775777
205,3,0,0,0.0474,0.10957582
574,1,1,0,0.9526,0.28690666
758,1,0,0,0.2689,0.35073262
740,5,0,0,0.0474,0.08857965
659,3,1,0,0.9526,0.4948026
684,2,0,0,0.0474,0.06648204
3,1,0,0,0.0474,0.09830671
243,4,1,1,0.9526,0.5708379
322,1,1,1,0.9526,0.80412835
130,2,0,1,0.2689,0.7433922
383,2,1,1,0.9526,0.5216067
214,1,0,0,0.0474,0.08368029
396,1,0,0,0.0474,-0.020962559
401,3,0,0,0.0474,0.032831814
710,1,0,1,0.2689,0.77456737
808,2,0,0,0.2689,0.14700234
246,3,0,0,0.0474,0.13266535
717,1,1,1,0.9526,0.5773988
416,5,0,0,0.0474,0.105086766
256,4,0,0,0.0474,0.14970088
330,1,0,0,0.0474,0.048411686
765,1,1,1,0.9526,0.9874189
376,2,0,0,0.0474,0.16537364
327,2,1,0,0.9526,0.31673723
264,13,1,0,0.9526,0.20763822
318,14,1,0,0.9526,0.3276064
600,1,0,0,0.0474,-0.02052949
548,1,0,0,0.0474,0.12112227
456,1,0,0,0.0474,0.02406132
205,2,1,1,0.9526,0.5960715
312,2,1,1,0.9526,1.0117117
623,1,0,0,0.0474,0.32062045
195,1,0,0,0.0474,0.061043974
420,2,0,0,0.0474,0.15995915
345,3,1,0,0.9526,0.16261886
328,2,1,0,0.9526,0.40812108
458,1,0,0,0.0474,0.0370657
423,1,0,0,0.0474,0.102652386
622,5,0,0,0.0474,0.18672165
609,1,1,0,0.9526,0.1875518
611,3,0,0,0.0474,0.10066893
705,2,1,0,0.9526,0.23685089
713,5,1,1,0.9526,0.61071414
386,1,1,1,0.9526,0.9848201
38,1,1,1,0.9526,1.0694369
353,7,0,0,0.0474,0.0062964847
523,3,1,1,0.9526,0.62320226
313,3,0,0,0.0474,0.1299966
626,3,0,0,0.0474,0.026381794
29,1,0,0,0.0474,0.08241632
61,1,0,0,0.0474,0.06877018
498,1,1,1,0.9526,0.7785708
406,1,0,0,0.0474,0.08119092
700,4,0,0,0.0474,0.019504234
355,2,0,0,0.0474,0.13963532
257,1,0,1,0.0474,0.6995965
739,2,1,1,0.9526,0.54408085
188,6,1,1,0.9526,0.8974949
212,2,0,0,0.0474,0.08984088
453,4,1,1,0.9526,0.9651005
390,2,0,0,0.0474,0.36446068
357,1,0,0,0.0474,0.15582402
781,2,0,1,0.0474,0.58048576
250,6,1,1,0.9526,0.61451375
604,2,0,0,0.0474,0.40573126
750,1,0,0,0.0474,0.0050680405
307,5,0,1,0.2689,0.74903625
84,1,1,1,0.9526,0.95888376
500,5,1,1,0.9526,0.8201318
16,1,0,0,0.0474,0.052780412
323,2,0,1,0.0474,0.67738414
42,1,1,1,0.9526,0.5961406
796,1,1,1,0.9526,1.0102156
381,2,0,0,0.0474,0.087079935
531,1,0,1,0.2689,0.6494217
482,1,0,1,0.2689,0.5301347
501,4,1,1,0.9526,0.95210654
538,2,0,0,0.0474,0.17303589
806,1,1,1,0.9526,0.9124425
256,2,0,0,0.0474,0.11172838
184,2,1,0,0.9526,0.20686267
11,1,1,1,0.9526,1.0292555
520,1,0,0,0.0474,0.07382605
755,2,0,1,0.2689,0.63170433
412,3,1,1,0.9526,0.5832058
83,2,1,0,0.9526,0.0683148
397,4,0,0,0.2689,0.29642656
253,1,1,0,0.9526,0.10622701
415,1,0,1,0.0474,0.81388164
483,4,0,0,0.0474,0.030450892
456,2,0,0,0.0474,0.0712075
280,5,1,0,0.9526,0.49995935
336,1,0,0,0.0474,0.11117574
311,2,0,0,0.0474,0.10986454
119,1,0,1,0.2689,0.80527127
327,3,0,0,0.0474,0.07947507
672,1,0,0,0.0474,0.08114251
501,5,1,1,0.9526,0.9334377
818,1,1,1,0.9526,0.6953091
733,1,1,1,0.9526,0.9661803
406,2,0,1,0.2689,0.75825197
471,1,0,1,0.0474,0.5085335
47,6,0,0,0.0474,0.030953186
738,1,0,0,0.0474,0.057736143
273,5,1,1,0.9526,0.8286265
505,1,0,0,0.0474,0.10770781
507,5,0,0,0.0474,0.17025459
388,1,1,1,0.9526,0.8158852
412,5,1,0,0.9526,0.1933821
462,2,0,1,0.2689,0.7920814
531,2,1,1,0.9526,0.85518587
545,1,0,0,0.2689,0.4892367
590,4,0,0,0.0474,0.47478804
385,1,0,0,0.0474,0.063084535
694,1,0,0,0.0474,0.18085387
367,1,0,0,0.0474,0.16847114
328,1,0,0,0.0474,0.13354853
324,2,0,0,0.0474,0.09174739
244,3,0,0,0.0474,0.41305473
137,1,0,0,0.2689,0.27289027
36,1,1,1,0.9526,1.0740244
242,2,0,0,0.0474,0.25828713
217,1,0,1,0.0474,0.88218087
88,1,1,1,0.9526,0.7346385
460,1,0,0,0.0474,0.19549824
753,4,0,0,0.0474,0.07048648
801,1,0,0,0.2689,0.08410821
718,1,0,0,0.0474,0.07130083
286,1,0,0,0.0474,0.16027664
32,1,0,0,0.0474,0.040627845
379,2,0,0,0.0474,0.31796196
611,2,0,0,0.0474,0.108646534
776,1,1,1,0.9526,0.55548334
146,1,1,1,0.9526,1.1502086
15,2,1,1,0.9526,0.8657233
620,1,0,0,0.0474,0.21342722
311,7,0,0,0.0474,0.05937265
748,1,1,1,0.9526,0.6856451
590,2,0,0,0.0474,0.2565481
428,1,0,0,0.0474,-0.08759579
644,1,0,0,0.2689,0.061570734
329,1,0,0,0.0474,0.10416264
95,6,0,0,0.0474,0.084375665
399,1,0,0,0.0474,0.06568441
245,1,0,0,0.2689,0.35793695
314,3,1,1,0.9526,1.0457194
339,7,0,0,0.0474,0.40485495
823,1,1,1,0.9526,1.0813228
326,3,0,0,0.0474,0.10403805
228,2,0,0,0.0474,0.44373816
483,5,0,0,0.0474,0.09934727
355,4,0,0,0.0474,0.49956024
613,4,0,0,0.0474,0.38219556
295,2,0,0,0.0474,0.06072498
50,4,0,0,0.0474,0.17726898
231,2,0,0,0.0474,0.16495104
786,4,1,1,0.9526,0.87699896
422,1,0,0,0.0474,0.05553335
289,1,0,0,0.0474,0.09734694
787,4,1,1,0.9526,0.83660436
41,2,0,0,0.0474,0.056484252
366,4,1,1,0.9526,0.68458617
621,2,0,0,0.0474,0.15747535
787,3,0,0,0.0474,0.40265176
338,2,0,0,0.0474,0.015930755
256,1,0,0,0.0474,0.12900005
4,2,0,0,0.0474,0.16047539
218,1,0,1,0.0474,0.79134
148,2,0,0,0.0474,0.08963187
471,2,0,0,0.0474,0.41536957
516,3,0,1,0.0474,0.6482093
318,7,0,0,0.2689,-0.0016955816
821,1,0,0,0.2689,0.13422495
775,1,0,0,0.0474,0.12956306
318,6,0,0,0.2689,-0.16526368
367,2,0,0,0.0474,0.036721446
77,7,0,0,0.0474,0.15865704
390,3,0,1,0.0474,0.5654602
647,1,0,0,0.0474,0.085753284
132,1,1,0,0.9526,0.47434932
183,1,0,0,0.0474,0.028367445
777,1,1,1,0.9526,0.9055357
459,4,0,0,0.0474,0.18389615
259,3,0,0,0.0474,0.030486856
449,1,1,1,0.9526,1.0164176
342,1,0,1,0.2689,0.7845208
727,2,1,0,0.9526,0.32370803
340,1,0,0,0.0474,-0.0022178374
549,1,0,0,0.2689,0.028721211
523,1,0,0,0.0474,0.03710545
603,1,0,0,0.2689,0.04003041
820,3,0,0,0.0474,0.08707816
259,9,0,0,0.2689,0.40853682
7,1,0,0,0.0474,0.08462209
194,1,0,0,0.0474,0.04833014
570,1,0,0,0.0474,0.16261373
700,3,1,1,0.9526,1.0197326
186,1,1,1,0.9526,0.680336
235,6,0,0,0.0474,0.09911346
250,4,0,0,0.0474,0.27854973
109,7,0,0,0.0474,0.116259955
397,3,0,0,0.0474,0.12352151
534,1,1,1,0.9526,0.9119432
658,1,0,0,0.0474,0.063947536
446,1,1,1,0.9526,0.55167365
802,1,1,0,0.9526,0.35351503
44,2,0,0,0.0474,0.11802637
444,1,0,0,0.0474,0.08980774
471,6,0,0,0.0474,0.014906279
481,4,0,0,0.0474,0.22698155
654,1,1,0,0.9526,0.303433
590,3,0,1,0.2689,0.8000276
318,13,1,0,0.9526,0.2699858
745,1,0,0,0.0474,0.22864972
438,3,0,1,0.0474,0.8328339
77,1,0,0,0.2689,0.4831354
483,6,0,0,0.2689,0.07156462
715,2,0,0,0.0474,0.13027126
825,1,0,0,0.0474,0.050013643
345,9,0,0,0.0474,0.15632035
279,2,1,0,0.9526,0.12574154
319,2,0,0,0.0474,0.15050995
525,3,0,0,0.0474,0.07762212
582,1,1,0,0.9526,0.38671482
815,1,0,1,0.2689,0.627138
560,2,1,0,0.9526,0.27761757
252,2,1,0,0.9526,0.09874902
269,1,0,0,0.0474,0.095756695
498,2,0,0,0.0474,0.04356852
492,1,1,1,0.9526,0.9848201
351,2,0,0,0.0474,0.12184594
258,2,0,0,0.0474,0.2936314
303,1,0,0,0.0474,0.06390112
605,1,0,0,0.2689,0.41516802
742,3,0,1,0.0474,0.8293847
500,6,0,0,0.0474,0.13750578
346,1,0,0,0.0474,0.012024387
52,1,0,0,0.2689,0.11130612
330,2,0,0,0.0474,0.19736773
478,1,0,0,0.0474,0.11248796
358,1,0,0,0.0474,0.2493262
53,3,1,1,0.9526,0.69083464
311,1,1,1,0.9526,1.0328631
786,1,1,0,0.9526,0.07723958
304,1,0,0,0.0474,0.1946694
203,1,0,1,0.2689,0.87230283
141,1,0,0,0.2689,0.22554708
310,1,1,1,0.9526,0.92415416
407,1,0,0,0.0474,0.1745386
355,1,0,0,0.0474,0.20777245
375,1,1,1,0.9526,0.88879603
21,1,0,0,0.0474,0.19497088
711,2,0,0,0.0474,0.120184354
435,1,0,0,0.0474,0.1974849
382,1,0,0,0.0474,0.046515547
343,1,1,1,0.9526,0.7792778
530,1,0,1,0.0474,0.5944208
826,2,0,0,0.0474,0.34914702
0,5,0,1,0.0474,0.8990025
442,2,0,0,0.0474,0.12745531
716,1,0,0,0.0474,0.08734389
136,1,0,0,0.2689,0.20113632
642,1,0,0,0.0474,0.19877012
760,1,0,0,0.2689,0.19001922
242,1,0,1,0.2689,0.57750356
442,1,0,0,0.0474,0.094329394
475,1,0,1,0.2689,0.7967144
361,1,0,0,0.0474,0.19521856
743,2,0,0,0.0474,0.12587082
163,1,0,0,0.0474,0.41464192
616,1,1,0,0.9526,0.099678315
786,3,0,1,0.0474,0.54588634
166,2,0,0,0.0474,0.3300464
73,1,0,0,0.2689,0.25538343
500,4,1,1,0.9526,0.9682349
526,1,0,0,0.0474,0.08437305
275,2,0,0,0.0474,0.09996497
23,1,0,0,0.0474,0.112179674
738,2,0,0,0.0474,0.124530025
326,1,0,0,0.2689,0.27425903
358,4,0,1,0.0474,0.93095887
620,3,0,0,0.0474,0.15007281
489,1,1,0,0.9526,0.4787301
504,1,0,0,0.0474,0.070700936
250,1,0,0,0.0474,0.05882951
424,1,0,0,0.0474,0.12682427
308,1,0,1,0.0474,0.5069033
220,1,0,0,0.0474,0.31720978
258,1,0,0,0.0474,0.11618737
171,3,0,0,0.0474,0.16546041
5,3,0,0,0.0474,0.09070731
318,1,1,1,0.9526,0.6164939
15,1,0,0,0.0474,0.12040343
393,1,0,0,0.0474,0.23070346
356,1,0,0,0.2689,0.19016112
745,4,0,1,0.2689,0.796737
226,2,0,0,0.0474,0.032430746
399,2,0,0,0.0474,0.23632403
264,11,0,0,0.0474,0.031670623
339,5,0,1,0.2689,0.99879193
469,3,1,0,0.9526,0.15867236
521,1,1,1,0.9526,1.0308062
125,1,0,0,0.0474,0.08770854
493,7,0,0,0.0474,0.4003717
345,4,0,0,0.2689,0.21730216
252,4,0,1,0.0474,0.8016369
77,2,1,1,0.9526,0.98967963
418,1,0,0,0.0474,0.48582196
369,1,0,0,0.0474,0.17757796
591,2,0,1,0.2689,0.6553427
299,1,1,0,0.9526,0.31516352
318,2,0,0,0.2689,-0.007958892
637,2,0,0,0.0474,0.15846635
273,6,0,0,0.0474,0.2711448
824,2,0,0,0.0474,0.091218896
5,1,1,1,0.9526,0.5208662
55,4,0,0,0.0474,0.13970265
608,3,0,0,0.0474,0.08488368
570,3,0,0,0.2689,0.15959094
811,5,0,0,0.0474,0.09836932
403,1,0,0,0.0474,0.18966222
430,1,0,0,0.0474,0.08096235
811,1,1,1,0.9526,0.98029757
95,5,0,1,0.0474,0.5200579
497,3,0,0,0.0474,0.108281344
436,1,0,0,0.0474,0.025821816
804,2,1,1,0.9526,0.77059156
686,1,0,0,0.0474,0.013560825
290,1,0,0,0.2689,0.47041762
90,2,1,1,0.9526,0.5431282
160,1,1,1,0.9526,0.51149184
254,1,0,0,0.0474,-0.0013299937
707,1,0,0,0.2689,0.2179609
711,3,0,0,0.0474,0.0304195
690,1,0,0,0.0474,0.104106896
674,2,0,0,0.0474,0.08983986
259,5,0,0,0.0474,0.4879498
820,4,0,1,0.2689,0.9479984
471,5,0,1,0.0474,0.8309593
250,7,0,0,0.0474,0.11515216
77,5,1,1,0.9526,1.0176185
546,2,0,0,0.0474,0.07093172
517,2,1,1,0.9526,0.9734943
4,7,0,0,0.0474,0.14786047
472,1,0,1,0.0474,0.6560933
814,1,1,0,0.9526,0.19511244
264,20,0,0,0.0474,0.26102453
311,3,1,1,0.9526,0.98437643
669,2,0,0,0.0474,0.097359516
452,1,0,0,0.0474,0.0014095298
690,2,0,0,0.0474,0.092362754
417,1,0,0,0.0474,0.17576267
778,1,0,0,0.2689,0.21888185
148,1,0,0,0.0474,0.19596261
349,2,1,1,0.9526,0.6183707
788,1,0,0,0.0474,0.05812841
114,1,0,0,0.0474,0.058346264
10,1,1,1,0.9526,0.74536276
737,2,0,0,0.0474,0.08476408
238,1,0,0,0.0474,0.16747472
801,3,1,1,0.9526,0.9444262
625,1,1,1,0.9526,0.57669383
116,1,0,0,0.0474,0.10941143
15,3,0,0,0.0474,0.269061
335,3,0,0,0.2689,0.023062691
461,3,0,0,0.0474,0.08583526
630,1,0,0,0.0474,0.45962113
249,4,0,0,0.2689,0.16221228
705,1,1,1,0.9526,0.74376386
811,4,1,0,0.9526,0.20280175
318,4,0,0,0.2689,-0.063769765
762,2,1,1,0.9526,0.50416255
304,5,0,0,0.0474,0.076200314
713,2,0,0,0.0474,0.08126335
529,1,0,1,0.2689,0.74304974
502,1,1,0,0.9526,0.2239311
636,1,0,0,0.0474,0.26106095
685,2,1,0,0.9526,0.34243783
586,1,0,0,0.0474,0.10395164
756,1,1,1,0.9526,1.1096714
351,1,0,0,0.0474,0.14059234
78,1,0,0,0.0474,0.13209763
416,3,0,0,0.0474,0.04638379
514,2,1,0,0.9526,0.28436273
354,7,1,1,0.9526,0.72266376
740,4,0,0,0.0474,0.07878198
382,2,0,0,0.0474,0.044176918
397,5,0,0,0.0474,0.122678205
76,1,1,1,0.9526,0.8261377
760,6,0,0,0.2689,0.4107093
257,6,1,1,0.9526,0.5463207
496,1,0,0,0.0474,0.33846757
552,1,1,1,0.9526,0.72570693
768,1,1,1,0.9526,0.84192973
47,1,0,0,0.0474,-0.002443184
655,1,0,0,0.0474,0.15979056
654,3,1,0,0.9526,0.25077918
280,4,1,0,0.9526,0.47428936
736,1,0,0,0.0474,0.10160784
498,4,0,0,0.0474,0.058133803
26,1,1,1,0.9526,1.1150521
75,1,0,0,0.2689,0.14276552
223,1,0,0,0.2689,0.2045081
799,1,1,1,0.9526,0.6483813
105,2,1,1,0.9526,0.9887604
781,4,0,0,0.0474,0.34013408
493,2,0,0,0.0474,0.32997397
729,1,0,1,0.0474,0.5129149
2,1,0,0,0.0474,0.12656109
448,1,0,0,0.0474,0.41740632
745,3,0,0,0.0474,0.087895
469,1,0,0,0.0474,0.45074236
244,1,0,0,0.0474,0.18185946
129,3,0,0,0.2689,0.2507644
601,1,0,0,0.0474,0.13854864
390,4,0,0,0.0474,0.26101002
720,1,0,0,0.0474,0.4133182
382,5,0,0,0.0474,0.17715119
779,1,0,0,0.0474,0.13858506
298,2,0,1,0.0474,0.82265604
188,4,0,0,0.0474,0.4082562
709,1,0,0,0.0474,0.23095167
135,2,0,0,0.0474,0.4682694
598,1,1,0,0.9526,0.26055634
651,1,0,0,0.0474,0.075991504
74,1,0,0,0.2689,0.25154382
250,3,1,1,0.9526,0.5624592
304,6,0,0,0.0474,0.22280227
820,2,0,0,0.0474,0.3207999
805,2,0,0,0.0474,0.16274244
264,24,0,0,0.0474,0.036017507
404,1,0,0,0.0474,0.28227726
252,3,0,0,0.0474,0.10194459
752,1,0,0,0.0474,0.4494515
507,2,0,0,0.0474,0.034754694
70,1,0,0,0.0474,0.34240353
710,2,1,0,0.9526,0.46582294
793,1,1,1,0.9526,0.6785171
222,2,0,0,0.0474,0.13397722
416,1,0,0,0.0474,0.15379114
775,3,0,0,0.0474,0.37501633
311,4,0,0,0.0474,0.051794156
618,3,0,0,0.0474,0.1155402
247,2,1,0,0.9526,0.32881147
611,1,0,0,0.0474,0.1324471
95,1,0,0,0.0474,0.36636198
500,3,1,1,0.9526,0.99299383
531,4,0,0,0.2689,0.25479695
290,3,0,1,0.0474,0.51024795
67,3,1,1,0.9526,0.92417073
337,1,0,0,0.2689,0.025444247
702,2,0,0,0.0474,0.18198612
430,2,0,0,0.0474,0.4628158
100,1,1,1,0.9526,1.1393983
384,1,0,1,0.0474,0.69979817
147,1,1,1,0.9526,1.0578655
154,1,0,0,0.0474,0.220568
756,2,0,0,0.0474,0.14322957
221,1,1,1,0.9526,1.041525
54,2,0,0,0.2689,0.18355171
524,2,0,0,0.0474,0.17907639
102,2,1,1,0.9526,0.87338465
663,2,0,0,0.0474,0.080206044
360,1,1,1,0.9526,1.1621039
126,1,0,0,0.0474,0.23139319
652,1,1,0,0.9526,0.3336019
783,1,0,0,0.2689,0.26486677
777,2,0,0,0.2689,0.31356055
501,2,0,0,0.0474,0.014543329
643,1,1,0,0.9526,0.26016927
211,1,0,0,0.0474,0.4919722
731,2,1,1,0.9526,0.7627913
369,2,0,1,0.0474,1.0022322
110,2,0,1,0.2689,1.0665385
304,7,0,0,0.0474,-0.007832543
0,2,0,1,0.0474,0.62559843
50,2,0,0,0.0474,0.17574555
318,15,1,1,0.9526,0.89865786
787,1,0,0,0.0474,0.43614286
413,2,0,1,0.0474,0.91669106
728,1,0,0,0.2689,0.36080062
634,1,0,0,0.0474,0.08002689
633,1,0,0,0.0474,0.08223876
702,1,0,0,0.0474,0.008411641
579,1,0,1,0.2689,0.97785777
749,2,0,0,0.0474,0.08885106
240,1,1,1,0.9526,1.0637631
693,5,0,0,0.0474,0.058110982
496,2,0,0,0.0474,0.12586875
557,1,0,0,0.2689,0.08454006
773,1,0,0,0.0474,0.15433499
629,2,0,0,0.0474,0.13998848
311,8,0,0,0.0474,0.24144346
760,5,0,0,0.0474,0.21746
558,1,1,1,0.9526,0.74827385
739,1,1,0,0.9526,0.08548981
170,1,1,1,0.9526,0.91603637
307,1,1,0,0.9526,0.2978591
648,2,0,0,0.0474,0.07733094
670,1,0,1,0.2689,0.756592
322,2,1,1,0.9526,0.52567863
622,3,0,0,0.0474,0.14664428
572,2,1,1,0.9526,0.959625
425,1,0,0,0.0474,0.11535261
299,3,0,0,0.2689,0.026846897
302,1,0,0,0.0474,0.027733745
590,1,0,1,0.2689,0.93190324
631,2,0,0,0.0474,0.017765097
632,8,1,1,0.9526,0.8613177
550,2,0,0,0.0474,0.12719156
803,1,0,0,0.0474,0.11767813
555,1,0,0,0.0474,0.035278454
679,1,1,1,0.9526,0.99324733
618,2,0,1,0.0474,0.51678455
700,2,0,0,0.0474,0.086334825
613,2,0,1,0.0474,0.87382746
790,2,1,1,0.9526,0.831534
782,2,1,1,0.7311,0.91141164
764,2,1,1,0.9526,0.93560404
348,3,1,0,0.9526,0.23752591
306,1,0,1,0.2689,1.0412987
447,1,0,0,0.0474,0.120484345
761,1,1,1,0.9526,0.9023442
268,1,0,0,0.0474,0.25659734
317,3,1,1,0.9526,0.8715942
277,1,0,0,0.0474,0.083025
487,2,0,0,0.0474,0.11309798
562,2,0,0,0.0474,0.4695078
512,3,0,0,0.0474,0.10280955
261,1,1,1,0.9526,0.72540593
468,3,1,1,0.9526,0.82145023
264,14,0,0,0.0474,0.19970194
517,1,0,0,0.0474,0.05518937
335,2,0,0,0.0474,0.055182666
767,1,0,0,0.0474,0.087771565
646,1,0,0,0.2689,0.06578897
250,15,0,0,0.0474,0.08022411
45,1,1,1,0.9526,0.93343455
452,2,0,0,0.0474,0.039439343
272,1,0,0,0.0474,0.10605739
561,2,1,1,0.9526,0.86230195
332,1,1,1,0.9526,0.5429133
373,2,0,0,0.2689,0.4255037
732,2,1,1,0.9526,0.69891506
672,2,0,0,0.0474,0.06321772
389,1,1,0,0.9526,0.28629285
722,1,0,0,0.0474,0.15356274
459,3,0,0,0.0474,0.026795343
105,1,1,1,0.9526,0.9458678
215,2,0,0,0.0474,0.26439628
348,2,1,0,0.9526,0.36266974
378,1,0,1,0.0474,0.56893724
219,1,1,1,0.9526,1.0798955
341,2,0,1,0.2689,0.92383564
761,3,0,1,0.2689,0.9003556
545,2,0,1,0.2689,0.7835691
454,1,1,1,0.9526,1.1213614
305,1,0,1,0.0474,0.6303199
781,1,0,0,0.2689,0.4841069
292,1,0,0,0.0474,0.1351009
417,2,0,0,0.0474,0.13835166
717,3,0,1,0.2689,0.7487549
325,7,0,0,0.0474,0.09173181
317,5,0,0,0.0474,0.089265436
46,2,0,0,0.0474,-0.007434205
352,2,0,0,0.0474,0.061150163
732,1,1,1,0.9526,0.7585139
226,1,1,1,0.9526,0.99958193
256,5,0,1,0.2689,0.8025248
471,7,0,0,0.0474,0.18966186
467,1,0,0,0.2689,0.24787773
404,2,0,0,0.0474,0.1707086
344,4,0,1,0.2689,0.5553074
101,3,0,0,0.2689,0.38242558
62,1,1,1,0.9526,1.0121033
464,1,0,1,0.0474,0.8716952
18,1,0,0,0.0474,0.09246474
450,2,0,0,0.0474,0.0396765
117,1,0,0,0.0474,0.08065779
691,1,0,0,0.0474,0.07174795
208,1,1,1,0.9526,0.91580945
150,1,0,0,0.0474,0.05101738
232,1,1,1,0.9526,0.9584081
215,1,0,0,0.0474,0.13430043
283,2,0,0,0.0474,0.016437717
695,1,1,1,0.9526,0.5583308
502,5,0,0,0.0474,0.048753373
479,2,0,0,0.0474,0.4709417
678,1,0,0,0.0474,0.07088883
306,3,0,0,0.0474,0.025568388
501,1,0,0,0.0474,0.09520165
616,3,0,0,0.2689,0.3304363
259,8,1,1,0.9526,0.93021214
32,4,0,0,0.0474,0.09601454
4,5,0,1,0.0474,0.6522161
511,3,0,0,0.0474,0.44845757
470,1,0,0,0.0474,0.1401686
253,2,0,1,0.0474,0.5100007
208,2,0,1,0.0474,0.60884565
95,2,0,0,0.0474,0.25615466
340,3,1,1,0.9526,0.9414706
109,6,1,1,0.9526,0.7366
347,1,0,0,0.0474,0.055724144
474,1,0,0,0.0474,0.36484173
382,3,0,1,0.2689,0.73750794
184,1,1,1,0.9526,0.9341963
325,1,0,0,0.0474,0.17873535
155,1,0,0,0.0474,0.18078417
450,1,1,0,0.9526,0.37051168
568,1,1,0,0.9526,0.15837461
672,3,0,0,0.0474,0.2507319
244,4,0,0,0.0474,0.043627888
824,5,1,1,0.9526,0.71671516
354,1,0,0,0.0474,0.07064799
142,1,0,1,0.0474,1.0728164
438,2,0,1,0.2689,0.7255325
102,1,1,1,0.9526,0.74546957
78,2,1,1,0.9526,0.8511878
724,1,0,0,0.0474,0.1491379
326,4,0,0,0.2689,0.10210989
222,1,1,0,0.9526,0.49252677
319,1,0,0,0.0474,0.28742266
682,2,0,0,0.0474,0.39538532
494,2,1,1,0.9526,0.7636407
273,2,1,0,0.9526,0.33170748
635,3,0,0,0.0474,0.26212355
453,1,1,1,0.9526,0.5905888
453,5,0,0,0.2689,0.11704103
635,1,1,1,0.9526,0.79003274
727,1,1,0,0.9526,0.072487965
486,1,1,0,0.9526,0.44533715
104,2,0,0,0.0474,0.0345345
14,1,0,0,0.2689,0.08318288
343,3,1,1,0.9526,0.8416048
257,5,1,0,0.9526,0.22271337
658,2,0,0,0.0474,0.08965471
669,3,0,0,0.0474,0.039210655
813,1,0,1,0.2689,0.7920115
626,2,0,0,0.0474,0.09259716
43,1,0,0,0.0474,0.10868747
614,4,0,0,0.0474,0.30730098
390,5,1,1,0.9526,0.58525026
273,1,1,0,0.9526,0.06275096
617,2,0,0,0.0474,0.3183568
344,1,0,0,0.0474,0.13670373
122,1,0,1,0.2689,0.81733954
4,4,0,0,0.0474,0.12583143
168,1,0,0,0.0474,0.04327892
288,3,1,1,0.9526,0.90511715
213,1,0,0,0.0474,0.36081243
583,2,0,0,0.0474,0.11232818
81,2,0,1,0.2689,0.67638457
361,4,0,0,0.0474,0.04524924
6,1,0,1,0.2689,0.8674522
306,2,0,0,0.0474,0.3009056
687,2,0,0,0.0474,0.121589564
501,3,1,1,0.9526,0.63271123
700,1,0,0,0.0474,0.15878144
358,2,0,0,0.2689,0.25264385
562,3,0,1,0.0474,0.5653217
729,2,1,1,0.9526,0.82033825
271,1,0,0,0.0474,0.16931768
802,3,1,1,0.9526,0.78801894
318,3,0,0,0.2689,-0.060252488
416,4,0,0,0.0474,0.216776
95,4,0,0,0.0474,0.12885906
427,1,1,1,0.9526,0.89409685
318,16,1,1,0.9526,0.8839627
682,1,0,0,0.0474,0.081715554
778,2,1,1,0.9526,0.9219967
257,7,0,0,0.0474,0.26423463
478,2,1,1,0.9526,0.7095607
250,5,0,0,0.0474,0.08824503
726,1,0,1,0.2689,0.83142793
370,1,0,1,0.2689,0.8534266
335,1,1,1,0.9526,0.9867252
129,2,0,0,0.0474,0.10600048
6,2,0,0,0.0474,0.18610156
604,6,0,0,0.0474,0.08364465
246,2,1,0,0.9526,0.33161962
513,1,0,1,0.0474,0.757681
145,3,1,1,0.9526,0.9848229
416,2,0,0,0.0474,0.18458249
528,1,0,0,0.2689,0.45435256
212,1,0,1,0.2689,1.099338
352,3,0,0,0.0474,0.096013054
650,1,0,1,0.2689,0.9608803
692,2,0,1,0.2689,0.51948684
188,2,0,0,0.0474,0.27115497
342,2,0,0,0.0474,0.13030815
604,1,1,1,0.9526,0.9710204
772,1,1,0,0.9526,0.25565532
58,1,1,1,0.9526,0.89971817
772,3,0,0,0.2689,0.1232033
379,1,0,0,0.0474,0.16606596
493,3,0,0,0.0474,0.23097172
629,1,0,0,0.0474,0.12424332
40,3,0,0,0.0474,0.097302966
671,3,1,1,0.9526,0.6126544
178,2,1,1,0.9526,0.74224335
543,1,0,0,0.0474,0.08541528
249,1,0,0,0.0474,0.05179671
54,1,0,1,0.2689,0.53919846
749,1,1,0,0.9526,0.3546627
461,2,0,0,0.0474,0.06479624
786,2,0,0,0.0474,0.10928643
483,2,0,0,0.0474,0.28921723
494,3,1,0,0.9526,0.40516815
581,1,0,0,0.0474,0.101050004
372,2,1,1,0.9526,1.0705746
662,2,0,0,0.0474,0.1620084
493,6,0,0,0.0474,0.45554256
