comment_id,sentence_pos,stereotype,stereotype_pred,softmax_confidence,temperature
737,1,0,0,0.5796694,1.273561954498291
321,3,0,0,0.9646309,
819,1,1,1,0.6033151,
746,1,0,0,0.8658634,
397,8,1,0,0.8356239,
397,2,0,0,0.82427174,
264,17,1,1,0.5779874,
85,1,0,0,0.5869444,
202,2,1,0,0.6754188,
282,1,0,0,0.95237225,
339,6,1,0,0.57754374,
264,9,0,0,0.86785364,
628,1,0,0,0.9239178,
559,1,0,0,0.63623196,
121,2,1,1,0.62695044,
342,4,0,0,0.8353781,
791,1,0,0,0.9543977,
662,1,0,0,0.8609862,
578,1,1,0,0.5801001,
250,10,0,0,0.7782366,
560,4,1,1,0.6185541,
250,11,0,1,0.55640197,
190,3,1,0,0.5491554,
616,2,0,1,0.5147828,
48,1,1,0,0.57163745,
50,1,0,0,0.88228816,
685,1,0,0,0.95660394,
174,1,0,0,0.85564977,
244,2,1,1,0.52731425,
622,1,0,0,0.96577525,
354,5,0,0,0.604788,
164,3,0,1,0.5386756,
663,1,0,0,0.95853066,
725,1,0,0,0.9659937,
647,2,0,0,0.81918466,
507,3,0,0,0.5170306,
237,1,1,0,0.692462,
553,2,0,0,0.9653921,
253,4,0,1,0.5388973,
518,1,0,0,0.51065916,
693,3,0,0,0.5237932,
714,1,0,0,0.8765634,
284,1,0,0,0.6555219,
760,2,0,0,0.5824571,
606,2,0,0,0.6437155,
780,1,0,0,0.7014163,
121,4,0,0,0.6870259,
250,2,0,0,0.9403749,
307,3,0,0,0.63882124,
604,5,1,1,0.62967473,
250,9,0,0,0.8869736,
250,14,0,0,0.56572145,
264,3,0,0,0.96334624,
680,1,0,0,0.86947167,
366,5,0,0,0.89352506,
524,1,0,0,0.6254715,
32,5,0,1,0.51736194,
741,3,1,0,0.5808239,
267,1,1,0,0.5078853,
362,1,0,1,0.54068,
267,2,0,0,0.51077247,
11,2,0,0,0.9320902,
179,1,0,0,0.9487796,
210,1,0,0,0.52151835,
377,1,0,0,0.6430731,
468,1,0,0,0.9671649,
794,2,1,1,0.622715,
692,1,0,0,0.8239633,
103,1,0,0,0.94979304,
63,1,1,1,0.60261583,
229,1,0,0,0.656199,
110,3,0,0,0.94816864,
390,6,0,0,0.9024616,
34,3,0,0,0.61030954,
778,3,0,0,0.7706562,
118,3,0,0,0.5621409,
781,3,0,0,0.54014176,
528,2,0,0,0.7530837,
264,12,0,0,0.80678344,
412,4,0,0,0.6911843,
598,2,0,0,0.95316166,
718,2,0,0,0.62557435,
127,1,0,0,0.8132493,
188,1,0,0,0.96227145,
666,1,0,0,0.64685786,
318,11,1,0,0.6249599,
288,1,0,0,0.54222244,
162,1,0,0,0.9484379,
8,1,0,0,0.7384594,
412,7,1,0,0.5050582,
824,4,1,1,0.5310651,
561,1,1,0,0.6105386,
539,1,0,0,0.7520436,
816,1,0,0,0.82724816,
584,1,0,0,0.6721839,
419,1,0,0,0.9409134,
764,1,1,0,0.52408475,
353,3,0,0,0.6245774,
433,1,0,0,0.9673418,
762,1,1,1,0.5021596,
250,13,0,0,0.56848425,
288,2,0,0,0.51423687,
327,1,0,0,0.967775,
264,22,0,0,0.937604,
190,2,0,0,0.95661557,
229,2,0,0,0.7506529,
583,1,0,0,0.9454725,
632,7,1,0,0.57691556,
797,2,0,0,0.5617605,
675,1,0,0,0.5346778,
109,2,0,0,0.64975905,
331,1,1,0,0.6860886,
501,6,0,0,0.96517867,
323,1,0,0,0.625614,
613,1,1,1,0.5364158,
570,2,1,0,0.6102436,
710,3,1,0,0.73829097,
318,17,1,1,0.5385448,
297,2,0,0,0.6770596,
622,4,0,0,0.71046436,
288,5,0,0,0.8113204,
299,5,0,0,0.96048194,
290,2,0,0,0.91623384,
51,1,0,0,0.77191806,
372,1,0,0,0.63732266,
313,1,0,0,0.958816,
150,2,1,0,0.85329306,
264,18,0,0,0.94743353,
740,3,0,0,0.91636163,
659,2,1,1,0.5070259,
210,2,0,0,0.72309726,
191,1,0,0,0.93113375,
185,1,0,1,0.6143206,
468,2,1,0,0.776787,
169,1,1,0,0.58370143,
701,1,0,0,0.9511424,
588,2,1,0,0.92738724,
264,1,0,0,0.66628253,
774,9,0,0,0.7847962,
130,1,0,0,0.6608918,
699,1,0,0,0.9267339,
369,3,0,0,0.61786616,
55,1,0,0,0.8070321,
339,1,1,0,0.93906146,
201,1,1,1,0.68021387,
22,2,0,0,0.8099584,
280,3,1,0,0.61955017,
257,3,1,0,0.6690284,
477,1,0,0,0.9620693,
95,3,0,0,0.9018204,
145,2,1,0,0.592791,
618,4,0,0,0.8356003,
265,1,0,0,0.52062833,
641,1,0,0,0.96072626,
755,1,1,0,0.5973202,
759,2,0,0,0.94745123,
157,1,0,0,0.9152933,
811,2,1,0,0.7742275,
793,3,1,0,0.9420087,
37,3,1,0,0.53034055,
264,8,0,0,0.96358734,
596,2,0,0,0.7344989,
374,1,0,0,0.9524877,
35,1,1,1,0.5835433,
321,1,0,0,0.71249485,
34,2,0,0,0.89958173,
79,1,0,0,0.9422512,
322,4,0,0,0.7775342,
273,4,1,0,0.67730737,
397,6,0,0,0.79625124,
235,2,0,0,0.9665759,
228,1,0,0,0.9630017,
490,1,1,0,0.81372726,
814,4,1,0,0.7275462,
465,2,0,0,0.93241304,
265,2,0,0,0.9397179,
453,7,0,0,0.9609995,
311,5,1,1,0.548373,
37,1,0,0,0.6818457,
693,1,1,0,0.64566,
290,4,0,0,0.7757876,
608,2,1,1,0.5563217,
487,4,0,0,0.821445,
571,1,0,0,0.89629716,
419,2,0,0,0.6948475,
498,3,0,0,0.93203336,
787,2,0,1,0.66444695,
202,1,0,0,0.955287,
484,2,0,0,0.72886264,
784,1,0,0,0.63902414,
493,5,0,0,0.6906039,
12,1,0,0,0.91371447,
506,1,1,0,0.50933963,
719,1,1,1,0.5881656,
562,1,1,1,0.59739435,
525,2,0,0,0.90596443,
664,1,0,0,0.96390456,
459,2,0,0,0.6338338,
632,6,1,0,0.6142593,
640,2,0,0,0.96515954,
46,3,0,0,0.7689396,
297,1,0,1,0.51224625,
494,4,1,1,0.52670395,
143,1,1,1,0.5258547,
432,3,0,0,0.7769452,
697,1,1,0,0.5604661,
708,1,0,0,0.6571614,
83,1,0,0,0.9011698,
664,3,0,0,0.95897657,
108,1,1,0,0.5805931,
355,3,0,0,0.8573047,
412,1,0,0,0.86946905,
790,1,0,0,0.95575947,
515,1,0,0,0.7568711,
655,3,0,0,0.8816777,
361,3,0,0,0.5480001,
129,1,0,0,0.9614367,
371,1,0,0,0.81501096,
13,1,0,0,0.5826353,
607,1,1,1,0.6660134,
703,1,1,0,0.5379698,
354,4,0,0,0.9548341,
247,3,0,0,0.53825504,
389,2,0,0,0.62221766,
410,2,0,0,0.9600614,
390,1,0,0,0.72653186,
94,1,0,0,0.9464312,
264,4,0,0,0.5274424,
437,1,1,0,0.6294356,
373,3,0,0,0.96688455,
516,1,0,0,0.5739709,
20,1,0,0,0.9683698,
638,1,0,0,0.9683366,
283,1,0,0,0.96508396,
624,1,0,1,0.51107585,
351,3,0,0,0.96436554,
99,1,1,1,0.6432274,
397,1,0,0,0.9159144,
724,2,0,0,0.9493001,
243,5,1,0,0.6632848,
30,2,0,0,0.89198786,
540,1,1,1,0.7014681,
772,2,1,1,0.60631454,
342,5,1,1,0.5027493,
392,1,0,0,0.9575069,
632,1,0,0,0.71972543,
313,2,0,0,0.8633447,
158,1,0,0,0.9377042,
663,3,0,0,0.95699525,
754,1,1,0,0.8105072,
54,3,0,0,0.85676634,
230,1,0,0,0.82894367,
668,3,0,0,0.8977177,
253,5,0,0,0.9587482,
352,4,0,0,0.919835,
734,2,1,1,0.5143471,
216,1,1,1,0.6781228,
366,2,1,0,0.5668991,
507,4,0,0,0.7559574,
188,3,0,0,0.81298745,
712,1,0,0,0.82027054,
781,6,1,0,0.6193541,
763,2,0,0,0.9446537,
344,5,0,0,0.96157914,
713,3,0,0,0.6991211,
481,2,0,0,0.9137119,
294,1,0,0,0.8648658,
33,1,0,0,0.74630517,
509,1,0,0,0.6927796,
792,1,0,0,0.82498723,
795,1,0,0,0.8997237,
239,2,0,0,0.8736269,
569,1,1,0,0.6082631,
172,2,0,0,0.9584387,
684,1,0,0,0.5918093,
751,1,0,0,0.8975857,
164,1,1,1,0.71868837,
373,1,1,0,0.50011927,
322,3,0,0,0.79549927,
386,2,1,0,0.8872755,
789,1,0,0,0.6324496,
649,1,0,0,0.5368404,
798,1,0,0,0.9636741,
614,3,0,0,0.60720485,
206,1,0,0,0.57026386,
794,4,1,0,0.60827714,
305,2,0,1,0.500903,
457,2,0,0,0.519825,
340,4,0,0,0.89389306,
135,1,1,1,0.55801165,
352,5,0,0,0.9368895,
121,5,0,0,0.8564275,
317,1,0,0,0.9653478,
205,1,0,0,0.95619935,
565,1,0,0,0.96036226,
560,3,0,0,0.77008504,
314,2,1,0,0.6451752,
276,1,1,0,0.72638506,
34,4,1,1,0.7332821,
495,2,1,0,0.53692377,
133,1,0,0,0.9160264,
24,1,1,1,0.5184128,
210,3,0,0,0.9104018,
180,1,0,0,0.7131429,
493,4,0,0,0.7955871,
536,1,0,0,0.8857278,
247,1,0,0,0.70687675,
503,1,0,0,0.9594219,
344,3,0,0,0.70251864,
533,1,0,0,0.961063,
235,4,0,0,0.727397,
347,2,0,0,0.96473897,
774,8,0,0,0.6545772,
500,1,0,0,0.6637679,
551,1,1,0,0.6997547,
797,3,0,0,0.5832421,
698,1,0,0,0.6636291,
742,1,0,0,0.96152836,
494,5,0,0,0.9391581,
259,2,0,0,0.9526487,
639,1,1,0,0.65449417,
67,1,0,0,0.94068676,
402,1,0,0,0.7837682,
318,10,0,0,0.7235771,
774,5,0,0,0.611556,
612,1,1,0,0.54969823,
615,1,0,0,0.7503705,
821,2,0,0,0.96112645,
143,2,0,0,0.95844084,
93,1,1,0,0.85624033,
345,1,0,0,0.8139264,
124,2,0,0,0.70683545,
550,1,1,1,0.565238,
822,1,0,0,0.8391055,
317,4,0,0,0.52904,
192,2,0,0,0.9241013,
516,5,0,0,0.53092474,
523,2,0,0,0.96038854,
401,2,0,0,0.9160239,
291,2,0,0,0.963652,
635,2,0,0,0.7787973,
596,1,0,0,0.5763934,
128,3,0,0,0.75969535,
787,5,1,0,0.5152784,
514,1,1,0,0.5183106,
259,6,0,0,0.8835873,
226,3,0,0,0.8333674,
393,2,0,0,0.9561803,
595,1,0,0,0.5233615,
681,1,1,1,0.63023937,
304,3,0,0,0.5571467,
599,1,1,1,0.6838411,
613,7,0,0,0.9642856,
320,1,1,1,0.7299969,
659,1,0,0,0.9550116,
445,1,1,0,0.7418804,
83,3,1,0,0.5612313,
153,1,0,0,0.9648446,
233,2,1,0,0.6520773,
252,1,0,0,0.8349169,
159,1,0,0,0.901861,
775,2,0,0,0.6629937,
232,3,0,0,0.8999944,
662,3,1,0,0.75628746,
478,3,1,0,0.6383403,
794,1,0,0,0.76424444,
394,3,0,0,0.6295426,
462,1,0,0,0.8589258,
364,1,1,0,0.76223016,
802,2,1,0,0.6613657,
219,2,0,0,0.65776074,
755,3,0,0,0.9361098,
275,3,0,0,0.9618548,
87,1,1,1,0.5872996,
250,12,0,0,0.7420386,
742,4,0,0,0.6598503,
268,2,1,0,0.5685354,
299,4,0,0,0.9437105,
182,1,0,0,0.9613132,
575,1,1,1,0.50149626,
809,1,0,0,0.6914912,
394,1,1,0,0.92732346,
797,1,0,0,0.5461646,
101,1,1,0,0.500663,
4,6,0,0,0.6938598,
138,1,0,0,0.75409144,
635,4,0,0,0.7604105,
717,2,1,0,0.6211749,
628,2,0,0,0.9645321,
239,1,0,0,0.5210499,
264,6,1,0,0.6690284,
333,2,0,0,0.9541119,
632,5,1,0,0.55158615,
339,2,1,1,0.61382324,
234,3,0,0,0.6607556,
101,2,0,0,0.6562048,
328,3,1,0,0.6242423,
443,1,0,0,0.69840175,
291,1,0,0,0.9462901,
516,2,0,0,0.61854225,
432,1,0,0,0.8292906,
273,7,1,0,0.9295382,
774,7,0,0,0.95740443,
321,2,1,0,0.5681072,
499,1,0,0,0.841355,
708,2,0,0,0.8272259,
231,1,0,1,0.5313377,
411,2,1,0,0.59765244,
165,1,1,0,0.55365527,
28,1,0,0,0.9160264,
743,1,0,0,0.88294965,
236,1,1,0,0.886001,
345,5,1,1,0.5122722,
19,1,0,0,0.92636585,
46,4,0,0,0.9663744,
145,1,0,0,0.952123,
745,2,0,0,0.5316066,
192,1,0,0,0.9411843,
46,5,0,0,0.53390616,
349,3,0,0,0.54823184,
47,5,0,0,0.89405704,
515,2,0,0,0.92724794,
819,2,0,0,0.9601586,
341,3,0,0,0.96307075,
537,1,1,0,0.78017133,
442,3,0,0,0.7455076,
343,2,1,1,0.6011897,
397,7,1,0,0.605419,
235,1,1,0,0.68436587,
434,1,0,0,0.86064863,
510,1,0,0,0.78490335,
56,1,0,0,0.9358134,
591,1,0,0,0.8358677,
707,2,0,0,0.62839055,
469,4,0,0,0.7959989,
419,3,0,0,0.8192291,
563,2,1,1,0.5204184,
426,1,0,0,0.8641312,
405,1,0,0,0.69670546,
414,1,0,0,0.5258133,
759,1,0,0,0.73486984,
614,1,0,0,0.870245,
296,1,0,0,0.9036969,
588,3,0,0,0.9636244,
627,1,0,0,0.96456283,
522,1,0,0,0.80615413,
654,4,1,0,0.74809223,
491,1,0,0,0.95476586,
420,1,0,0,0.5417728,
225,1,1,0,0.8923734,
632,2,1,0,0.66711706,
683,1,1,1,0.7009786,
387,1,0,0,0.87850255,
280,1,1,0,0.8049528,
786,7,0,0,0.9666004,
339,4,1,1,0.56914514,
115,1,0,0,0.90332896,
118,1,0,0,0.7293135,
338,1,1,0,0.50810385,
707,4,0,0,0.8867414,
771,2,1,0,0.57204777,
79,2,0,0,0.592181,
481,3,0,0,0.87860346,
445,2,0,0,0.93442583,
139,1,0,0,0.5551865,
72,1,0,0,0.9601165,
485,1,1,0,0.5368981,
381,1,1,1,0.64831036,
287,1,0,0,0.96753234,
318,9,0,0,0.76969934,
645,2,0,0,0.9581926,
164,2,1,1,0.51572984,
96,1,0,0,0.688583,
431,1,1,0,0.5371528,
164,5,0,0,0.6364722,
592,1,0,0,0.7373781,
32,3,0,0,0.65700984,
735,1,0,0,0.77726376,
822,2,0,0,0.7296627,
519,1,0,0,0.67773765,
279,4,0,0,0.8405809,
255,1,0,0,0.96364546,
577,1,0,0,0.9515263,
466,2,0,0,0.6941947,
553,1,0,0,0.70005965,
502,3,1,0,0.6451151,
668,2,0,0,0.96021485,
350,1,0,0,0.6914587,
263,1,1,1,0.50159323,
753,1,0,0,0.6784341,
461,1,0,0,0.9278637,
455,2,0,0,0.55044925,
110,1,0,0,0.9494265,
786,6,1,1,0.6726867,
149,2,1,1,0.63286465,
463,2,1,0,0.66921663,
661,1,0,0,0.6170174,
353,6,0,0,0.7542004,
295,3,0,0,0.9647427,
198,2,0,0,0.80242723,
486,2,0,0,0.963328,
280,2,1,0,0.70359606,
530,2,0,0,0.9440827,
438,1,0,0,0.51696944,
251,1,0,0,0.96825063,
674,1,0,0,0.964145,
293,1,0,0,0.94913006,
740,2,0,0,0.67308736,
805,1,1,1,0.5561453,
383,1,0,0,0.95276606,
493,1,0,1,0.52519274,
413,1,0,0,0.5723565,
339,3,1,1,0.50852257,
821,3,0,0,0.76801413,
713,4,1,0,0.953243,
667,2,0,0,0.9574691,
753,3,1,0,0.844123,
333,1,0,0,0.94349504,
576,1,1,1,0.5114548,
429,1,0,0,0.5411554,
253,3,0,0,0.50965184,
746,2,0,0,0.9626459,
145,4,0,0,0.8352201,
763,3,0,0,0.6672231,
196,1,0,0,0.88117546,
439,1,0,0,0.9574327,
121,1,0,1,0.5116,
774,4,0,0,0.951517,
730,1,0,0,0.96538746,
106,1,0,0,0.6346646,
740,1,0,0,0.5780348,
637,1,0,0,0.9278472,
30,1,0,0,0.8766031,
653,1,0,0,0.96357805,
648,1,0,0,0.7832544,
200,1,1,1,0.61868024,
398,1,0,0,0.6094544,
270,1,1,1,0.53090763,
687,1,0,0,0.9593377,
660,2,0,0,0.95861083,
592,2,1,1,0.71124667,
318,18,1,0,0.9081334,
354,2,0,1,0.56309754,
317,2,1,0,0.61563003,
53,2,0,0,0.9643199,
497,2,0,0,0.81700605,
411,1,1,1,0.503428,
260,1,0,0,0.9193512,
259,1,1,0,0.7107167,
38,3,0,0,0.5196909,
621,1,0,0,0.8233409,
365,1,0,0,0.7929327,
209,1,0,0,0.9558199,
702,3,1,1,0.55160934,
39,2,0,0,0.6874903,
697,2,0,1,0.53568006,
178,1,0,0,0.6488215,
402,2,0,0,0.83003986,
632,3,0,0,0.92633665,
301,1,0,0,0.57811165,
341,1,1,0,0.66419554,
421,1,0,0,0.92002743,
243,6,0,0,0.82506114,
252,5,0,0,0.95948046,
606,1,0,0,0.7949101,
149,3,0,0,0.76716006,
667,1,0,0,0.87094676,
820,5,0,0,0.6774634,
542,1,0,0,0.5814142,
608,1,0,0,0.546507,
488,1,0,0,0.96573365,
404,4,1,0,0.5538576,
817,1,1,0,0.5026705,
787,6,0,0,0.9263387,
785,1,0,0,0.5911424,
177,1,0,0,0.72160786,
799,2,0,0,0.9452499,
676,1,1,0,0.8430283,
412,6,0,0,0.60553634,
469,2,1,0,0.8240414,
327,4,0,0,0.63784224,
89,1,0,0,0.6478113,
554,1,0,0,0.9180991,
280,6,0,0,0.95229125,
40,2,0,0,0.8336303,
566,1,0,0,0.7230142,
782,1,1,1,0.6526427,
245,2,0,0,0.5983378,
27,1,0,0,0.65851957,
614,2,0,0,0.9554432,
111,1,0,0,0.8125164,
50,3,0,0,0.646026,
656,1,0,0,0.75767076,
602,1,1,0,0.5981404,
788,2,0,0,0.9619413,
86,1,0,0,0.94117373,
307,4,0,0,0.82481885,
281,1,0,0,0.9601687,
669,1,0,0,0.9368776,
5,2,1,0,0.7894813,
234,1,0,0,0.69128317,
527,1,0,0,0.6235726,
149,1,0,0,0.7430734,
715,3,0,0,0.8166661,
235,3,0,0,0.9153033,
703,2,1,0,0.78164977,
724,3,0,0,0.9566358,
12,2,0,0,0.92833894,
345,2,1,0,0.96106493,
508,1,0,0,0.875659,
109,4,0,0,0.8545491,
316,1,0,0,0.95498353,
176,1,0,0,0.93919176,
269,2,0,0,0.9639871,
441,1,1,1,0.65830356,
524,3,0,0,0.94062936,
478,4,0,0,0.5627476,
187,1,1,1,0.6159405,
71,1,0,0,0.8699787,
198,1,0,0,0.63289154,
39,1,0,0,0.641709,
22,1,0,0,0.93967813,
249,3,1,0,0.6741691,
77,3,0,1,0.6194974,
483,1,0,0,0.9558494,
563,1,1,0,0.5522801,
483,3,0,0,0.92274,
671,2,0,0,0.74378514,
256,3,1,0,0.57442135,
90,1,1,1,0.5022272,
599,2,1,1,0.5875547,
309,1,0,0,0.73087764,
654,2,1,0,0.5873598,
264,2,0,0,0.56598043,
188,5,0,0,0.94862187,
556,1,1,0,0.7126277,
808,1,0,0,0.5071031,
476,1,0,0,0.9567184,
774,2,0,0,0.77423775,
361,2,0,0,0.66592085,
288,4,0,0,0.588542,
391,2,0,0,0.7216532,
124,1,1,1,0.6151412,
334,1,1,1,0.7048455,
811,3,1,0,0.9674969,
166,1,1,0,0.9238327,
237,3,0,0,0.8152509,
781,7,0,0,0.7912144,
344,2,0,0,0.51075935,
164,4,0,0,0.6244145,
235,5,0,0,0.9520874,
204,1,0,0,0.82592744,
273,3,0,0,0.6044107,
495,1,1,0,0.73962724,
91,1,0,0,0.9429189,
325,4,0,0,0.9654378,
297,3,0,0,0.93022,
730,3,0,0,0.96160847,
429,2,0,0,0.8790367,
572,1,1,0,0.6231338,
761,2,0,0,0.5708684,
156,1,0,0,0.958062,
503,2,1,1,0.5508559,
246,4,0,0,0.9063528,
512,1,0,0,0.9580233,
433,2,0,0,0.9086628,
207,2,1,0,0.9397598,
786,5,0,0,0.59171325,
47,3,0,0,0.8931823,
55,3,0,0,0.9603418,
494,1,1,0,0.919113,
763,1,0,0,0.6185466,
193,1,0,0,0.6579167,
665,1,0,0,0.68779457,
315,1,1,0,0.60286075,
326,2,1,0,0.5628025,
107,1,0,0,0.5125966,
492,2,0,0,0.9054612,
66,1,1,0,0.5161393,
660,1,0,0,0.95727223,
525,1,0,0,0.8920478,
400,1,0,0,0.6339283,
747,1,0,0,0.7844408,
425,2,0,0,0.77187425,
766,1,0,0,0.923098,
604,4,1,0,0.5963687,
325,2,0,0,0.66868395,
323,4,0,0,0.9662616,
4,1,0,0,0.5389748,
706,1,0,0,0.6889066,
502,2,0,0,0.9657836,
147,4,1,1,0.5265522,
152,1,1,0,0.96033895,
299,2,1,0,0.57796156,
597,1,0,0,0.95872205,
528,3,0,1,0.575061,
57,1,0,0,0.5894364,
472,2,1,0,0.6075063,
173,1,0,0,0.96109366,
418,2,0,0,0.96589404,
696,1,0,0,0.9483012,
671,1,0,0,0.8557182,
774,1,0,0,0.6102728,
325,3,0,0,0.8263349,
588,1,1,0,0.5040412,
440,1,0,0,0.95752126,
521,2,0,0,0.90352994,
387,2,1,1,0.7256876,
77,6,0,0,0.9454812,
354,6,1,1,0.5848426,
303,2,0,0,0.93043494,
259,4,0,0,0.7460412,
580,1,0,0,0.8694426,
287,2,0,0,0.8023264,
98,1,0,0,0.6755128,
676,3,1,0,0.86881757,
410,1,0,0,0.9672917,
227,2,0,0,0.62388057,
45,2,1,0,0.83249,
800,1,0,0,0.5115307,
345,7,1,0,0.7864603,
77,4,0,0,0.6886924,
232,2,1,1,0.60198927,
394,2,1,1,0.5926301,
250,8,0,0,0.5061114,
376,1,0,1,0.51896775,
312,3,0,0,0.95924973,
541,1,0,0,0.9170745,
673,2,0,0,0.9641287,
511,2,0,0,0.8181451,
243,2,0,0,0.6374908,
382,4,0,0,0.94960743,
89,2,1,0,0.5857823,
214,2,0,0,0.9399135,
278,1,1,0,0.64366204,
360,2,0,0,0.8045794,
711,1,0,0,0.96271527,
395,1,1,1,0.63269216,
677,1,0,0,0.92797107,
484,1,0,0,0.93931407,
372,3,0,0,0.8816731,
354,3,0,0,0.6229057,
440,2,1,0,0.6617734,
311,9,0,0,0.7383795,
67,2,0,1,0.56142485,
620,2,0,0,0.5579979,
580,2,0,1,0.5019633,
233,1,0,0,0.8422299,
304,2,0,0,0.7261649,
564,2,0,0,0.96359885,
404,3,0,0,0.88669676,
295,1,0,0,0.95089734,
154,2,0,0,0.78134114,
453,2,0,0,0.73120886,
783,2,1,0,0.6549838,
41,1,1,0,0.5579419,
18,2,0,0,0.5837545,
746,3,0,0,0.72172874,
794,3,1,1,0.5439602,
59,1,0,0,0.94979304,
358,3,0,0,0.87958056,
753,2,1,1,0.59134597,
610,1,0,0,0.9628132,
768,2,0,0,0.95924336,
432,2,0,0,0.9542487,
80,1,0,1,0.5609884,
325,6,0,0,0.9644515,
151,1,0,0,0.9203198,
781,5,0,0,0.5951904,
366,1,0,0,0.7254074,
189,1,0,0,0.96029127,
274,1,1,0,0.656216,
353,2,0,0,0.6154098,
778,4,0,0,0.899364,
544,1,0,0,0.71877164,
655,2,0,0,0.65196264,
564,1,0,0,0.95762235,
801,2,1,0,0.56869537,
246,1,0,0,0.9600654,
206,2,0,1,0.51135105,
181,1,1,0,0.5268585,
745,5,1,0,0.54897124,
731,3,0,0,0.94510263,
597,2,0,0,0.95607316,
443,3,0,0,0.95955133,
359,1,0,0,0.8584017,
770,1,1,0,0.66997635,
353,1,0,0,0.7810228,
793,2,1,1,0.55185115,
453,6,0,0,0.92600244,
177,2,0,0,0.5844209,
673,1,0,0,0.9649331,
171,1,0,0,0.71865153,
626,1,0,0,0.9310307,
535,1,0,1,0.5826791,
719,2,1,0,0.84177905,
82,1,0,0,0.90692073,
4,3,0,0,0.7415139,
83,4,0,0,0.9540597,
307,2,1,0,0.55772036,
134,1,0,0,0.81195253,
486,3,0,1,0.55673194,
567,1,1,0,0.5755772,
313,4,0,0,0.86790156,
132,2,0,0,0.73616785,
481,1,0,0,0.94697887,
64,1,1,1,0.5954331,
760,7,1,0,0.76567554,
264,23,0,0,0.9553753,
380,1,1,0,0.5841037,
623,2,0,0,0.8289268,
613,5,1,1,0.5555397,
473,2,1,0,0.7138192,
268,3,0,0,0.86966515,
65,1,1,0,0.6992627,
721,1,0,0,0.96333086,
264,5,0,0,0.93830675,
113,1,0,0,0.83970606,
325,5,0,0,0.94065034,
345,6,1,0,0.7284599,
715,1,0,0,0.9216788,
227,1,0,0,0.6597584,
175,1,0,0,0.9673067,
427,2,0,0,0.96290004,
158,2,0,0,0.9128078,
500,2,0,0,0.5988638,
459,5,0,0,0.69667244,
741,2,1,0,0.59369814,
771,1,0,0,0.5748794,
323,3,1,0,0.5543619,
97,1,0,0,0.5442478,
239,3,0,0,0.5329736,
275,1,0,0,0.9422235,
256,6,0,0,0.9676087,
289,2,0,0,0.95464283,
577,3,0,0,0.9629532,
742,2,0,0,0.76439065,
0,4,0,1,0.5330696,
463,1,1,1,0.51434016,
734,1,1,0,0.59073454,
249,2,1,1,0.6670989,
172,1,0,0,0.7933642,
0,6,1,1,0.6482662,
112,1,0,0,0.9574211,
264,21,1,0,0.84127474,
115,3,1,1,0.538443,
17,1,0,0,0.8278409,
264,16,0,0,0.92103356,
123,1,1,1,0.5091159,
457,1,1,0,0.64071757,
63,2,1,1,0.64287597,
820,1,0,0,0.8820937,
730,2,0,0,0.95952237,
645,1,0,0,0.74941105,
459,6,0,0,0.7325713,
357,2,1,0,0.62571585,
242,3,0,0,0.96859354,
363,1,0,0,0.95642626,
589,1,0,0,0.8606343,
573,1,1,1,0.6538971,
466,1,0,0,0.59834296,
757,1,0,0,0.55954236,
279,3,0,0,0.9308054,
733,2,1,0,0.58105457,
812,1,0,0,0.71856534,
311,6,1,0,0.60579103,
237,4,0,0,0.9673812,
769,1,0,0,0.6751193,
207,1,1,0,0.96313775,
604,7,0,0,0.9683436,
167,1,1,0,0.6395197,
241,1,0,0,0.66984415,
663,5,0,0,0.9235361,
171,2,0,0,0.95011,
147,3,1,1,0.6122242,
443,2,0,1,0.5603766,
479,1,0,0,0.95780355,
741,1,0,0,0.6063345,
234,2,0,0,0.66827863,
266,1,0,0,0.93616575,
285,1,0,0,0.9656628,
810,1,0,0,0.699215,
202,3,1,0,0.93012327,
560,1,0,0,0.5308602,
488,2,1,1,0.6061144,
471,4,0,0,0.7157259,
664,2,0,0,0.9610179,
387,3,1,1,0.6162322,
115,2,0,0,0.95685476,
604,3,0,0,0.6898488,
676,2,1,1,0.6262101,
522,2,0,0,0.9210389,
804,1,1,0,0.5949189,
32,6,0,0,0.7412838,
215,3,0,0,0.859593,
279,1,1,0,0.72819155,
8,2,0,0,0.562944,
109,1,0,0,0.9250796,
628,3,0,0,0.9501646,
68,1,0,0,0.96438265,
264,10,0,0,0.7321019,
353,4,0,0,0.71917546,
451,1,1,1,0.6141504,
409,1,0,0,0.74428946,
40,1,0,0,0.66256297,
746,4,0,0,0.87734216,
144,1,1,0,0.53106016,
506,2,1,1,0.6129625,
475,2,0,0,0.5596626,
408,1,0,1,0.5631458,
747,2,0,0,0.9624787,
300,1,0,0,0.6796762,
546,1,0,0,0.96256435,
774,6,0,0,0.8652058,
638,3,0,0,0.90772164,
757,2,1,1,0.56988513,
824,1,0,0,0.9664039,
257,2,0,0,0.56598043,
144,2,1,0,0.614953,
257,4,0,0,0.94483703,
516,4,1,0,0.7406644,
199,1,0,0,0.8423136,
663,4,0,0,0.9654269,
465,1,0,1,0.57044816,
298,1,0,0,0.82185733,
0,3,0,0,0.95380735,
1,1,0,0,0.679847,
447,2,0,0,0.9660768,
165,2,0,0,0.9035013,
532,1,0,0,0.95459515,
409,2,0,0,0.95442855,
311,10,0,0,0.50416607,
200,2,0,0,0.9618227,
814,2,0,0,0.95998716,
109,5,1,1,0.53936124,
731,1,1,0,0.71329856,
10,2,1,0,0.5391496,
585,1,1,0,0.54366124,
262,1,0,0,0.8205608,
760,4,0,0,0.52545947,
491,2,0,0,0.9315129,
304,4,0,0,0.61437106,
161,1,0,0,0.60837865,
324,3,0,0,0.54561895,
318,8,0,0,0.7864944,
640,1,0,0,0.9649152,
538,1,0,0,0.95076066,
298,3,0,0,0.7524597,
1,2,0,0,0.7602892,
131,1,0,0,0.9554827,
352,1,0,1,0.57470286,
9,1,1,0,0.5141689,
183,2,0,0,0.84538984,
274,2,0,0,0.87114257,
21,2,1,1,0.7537796,
605,2,0,0,0.96506715,
47,4,0,0,0.7920359,
190,1,0,0,0.77372235,
27,2,0,0,0.9648877,
121,3,0,0,0.58628976,
109,3,0,0,0.68687826,
53,4,0,1,0.52415574,
500,7,0,0,0.9380429,
753,5,0,0,0.9642402,
348,1,1,0,0.6376771,
34,5,0,0,0.8268062,
401,1,0,0,0.9565032,
353,5,0,0,0.7797316,
715,4,0,0,0.8004879,
37,2,0,0,0.94585955,
412,2,0,0,0.55701077,
453,3,1,1,0.568323,
20,2,0,0,0.9530975,
727,3,1,0,0.6187719,
260,2,0,0,0.9258511,
118,2,1,1,0.5961978,
305,3,0,1,0.5341253,
603,2,0,0,0.83898914,
774,3,0,0,0.95943534,
479,3,0,0,0.87649846,
264,7,0,0,0.94483703,
502,4,0,0,0.88570786,
617,1,0,0,0.91361517,
288,6,0,0,0.9519705,
248,1,0,0,0.95292884,
613,6,0,1,0.5196477,
345,8,1,0,0.9186298,
704,1,0,0,0.9023036,
473,1,0,0,0.7814229,
512,2,0,0,0.8786535,
31,1,0,0,0.8731252,
638,2,0,0,0.71902245,
707,5,0,0,0.9594086,
44,1,1,1,0.5931069,
312,1,0,0,0.57248104,
438,4,0,0,0.82494026,
725,2,1,1,0.6462677,
97,2,0,0,0.7312298,
147,2,0,0,0.95989764,
318,12,1,0,0.60696656,
618,1,0,0,0.9372843,
197,1,0,0,0.89404094,
455,1,0,0,0.93913615,
259,7,1,0,0.539237,
587,1,0,0,0.55910707,
483,7,0,0,0.5782395,
688,1,0,0,0.9586243,
471,3,0,0,0.64111817,
366,3,0,0,0.95350784,
92,1,0,0,0.60789514,
541,2,0,0,0.95054394,
577,2,0,0,0.9618839,
49,1,0,0,0.6126481,
487,3,0,0,0.74460906,
497,1,0,0,0.72669804,
488,3,1,0,0.5047279,
18,3,0,0,0.71034354,
334,2,1,0,0.6297487,
55,2,1,0,0.5440432,
104,1,0,0,0.6177406,
486,4,1,1,0.60379523,
25,1,1,1,0.516883,
613,3,1,1,0.60726017,
264,19,0,0,0.72916836,
34,1,0,0,0.9381841,
459,1,0,0,0.896485,
632,4,0,0,0.9011157,
92,2,0,0,0.8836086,
63,3,1,0,0.50431395,
391,1,0,0,0.9638243,
349,1,0,0,0.95417917,
60,1,0,0,0.84461915,
38,2,1,0,0.7137896,
631,1,0,0,0.87406725,
264,15,0,0,0.64333856,
657,1,1,0,0.597197,
431,2,0,0,0.96552557,
81,1,0,1,0.6019224,
128,1,0,0,0.94414973,
243,1,0,0,0.8853515,
524,4,0,0,0.93490624,
371,2,0,0,0.78932416,
723,1,0,0,0.89560336,
46,1,0,0,0.96483654,
814,3,1,0,0.95985395,
328,4,1,0,0.64790773,
601,2,0,0,0.9682532,
46,6,1,0,0.8548734,
237,2,1,0,0.5494326,
35,2,0,0,0.8176925,
744,1,0,0,0.7382924,
824,3,1,1,0.5774802,
398,2,0,0,0.65217716,
713,1,0,0,0.87960213,
693,4,0,0,0.8070476,
668,1,0,0,0.9652865,
340,2,1,0,0.8012848,
433,3,0,0,0.88702077,
213,2,0,0,0.809226,
120,1,0,0,0.942204,
140,1,0,0,0.5551865,
807,1,0,0,0.9543773,
53,1,1,0,0.581612,
826,1,0,0,0.5785917,
314,1,1,0,0.7236228,
128,2,0,0,0.94094527,
594,1,0,0,0.8176789,
44,3,0,0,0.8848543,
13,2,0,0,0.5997647,
600,2,0,0,0.95997125,
693,2,0,0,0.94514203,
243,3,0,1,0.50487477,
324,1,0,0,0.96713626,
619,1,0,0,0.65485066,
622,2,0,0,0.93741405,
0,1,0,0,0.63451993,
547,1,1,0,0.51600903,
38,4,1,0,0.64019793,
507,1,1,0,0.73248345,
314,4,0,0,0.54517025,
593,1,0,0,0.5211338,
461,4,0,0,0.840521,
342,3,0,0,0.83217734,
487,1,0,0,0.96288157,
502,6,0,0,0.9609527,
649,2,0,1,0.5285695,
707,3,0,0,0.7617492,
224,1,0,0,0.57341367,
760,3,0,0,0.6544812,
511,1,0,0,0.75517523,
47,2,0,0,0.8272172,
318,5,0,0,0.8641231,
689,1,0,0,0.8628239,
355,5,0,0,0.51666826,
32,2,0,0,0.96077025,
368,1,0,0,0.83928615,
531,3,1,0,0.65965885,
112,2,0,0,0.904449,
69,1,0,0,0.95594865,
480,1,1,0,0.53148484,
205,3,0,0,0.91135883,
574,1,1,0,0.5883844,
758,1,0,0,0.64792377,
740,5,0,0,0.96222985,
659,3,1,0,0.6444347,
684,2,0,0,0.9599788,
3,1,0,0,0.9260287,
243,4,1,0,0.65163285,
322,1,1,0,0.5161601,
130,2,0,0,0.53242487,
383,2,1,0,0.5049972,
214,1,0,0,0.8731202,
396,1,0,0,0.94855297,
401,3,0,0,0.9271286,
710,1,0,0,0.50343084,
808,2,0,0,0.5869027,
246,3,0,0,0.8411666,
717,1,1,0,0.9542257,
416,5,0,0,0.8493415,
256,4,0,0,0.72137773,
330,1,0,0,0.94101536,
765,1,1,1,0.62674636,
376,2,0,0,0.876975,
327,2,1,0,0.64068615,
264,13,1,0,0.74363565,
318,14,1,0,0.7328338,
600,1,0,0,0.8904298,
548,1,0,0,0.963254,
456,1,0,0,0.9341403,
205,2,1,0,0.5752576,
312,2,1,1,0.55479664,
623,1,0,0,0.54593194,
195,1,0,0,0.94791096,
420,2,0,0,0.75892603,
345,3,1,0,0.8876757,
328,2,1,0,0.5889811,
458,1,0,0,0.9632289,
423,1,0,0,0.85042465,
622,5,0,0,0.76995736,
609,1,1,0,0.5173775,
611,3,0,0,0.90242064,
705,2,1,0,0.56747115,
713,5,1,0,0.6161669,
386,1,1,1,0.6408582,
38,1,1,1,0.570118,
353,7,0,0,0.74976754,
523,3,1,0,0.7084882,
313,3,0,0,0.69651794,
626,3,0,0,0.72832465,
29,1,0,0,0.9557176,
61,1,0,0,0.9510738,
498,1,1,1,0.5266118,
406,1,0,0,0.95909727,
700,4,0,0,0.6634817,
355,2,0,0,0.84911764,
257,1,0,0,0.540789,
739,2,1,1,0.50786036,
188,6,1,0,0.8650836,
212,2,0,0,0.89856744,
453,4,1,0,0.7005206,
390,2,0,0,0.6266669,
357,1,0,0,0.9327577,
781,2,0,0,0.61832815,
250,6,1,1,0.5450273,
604,2,0,1,0.54895055,
750,1,0,0,0.8974801,
307,5,0,1,0.5259323,
84,1,1,1,0.672502,
500,5,1,0,0.6804848,
16,1,0,0,0.9473911,
323,2,0,0,0.5799885,
42,1,1,1,0.5255721,
796,1,1,1,0.5607166,
381,2,0,0,0.9409027,
531,1,0,0,0.84260976,
482,1,0,0,0.5413176,
501,4,1,0,0.5906777,
538,2,0,0,0.9528612,
806,1,1,1,0.6908161,
256,2,0,0,0.93772024,
184,2,1,0,0.78164977,
11,1,1,0,0.5708095,
520,1,0,0,0.8110359,
755,2,0,1,0.51790476,
412,3,1,1,0.512646,
83,2,1,0,0.6136202,
397,4,0,0,0.57126623,
253,1,1,0,0.9177891,
415,1,0,0,0.5180156,
483,4,0,0,0.7132128,
456,2,0,0,0.91141725,
280,5,1,1,0.61809176,
336,1,0,0,0.8328652,
311,2,0,0,0.95920473,
119,1,0,1,0.5843155,
327,3,0,0,0.9152153,
672,1,0,0,0.7909641,
501,5,1,0,0.51437974,
818,1,1,0,0.5936091,
733,1,1,1,0.5034905,
406,2,0,0,0.59615964,
471,1,0,0,0.66504925,
47,6,0,0,0.84563375,
738,1,0,0,0.8957821,
273,5,1,1,0.6497818,
505,1,0,0,0.6168329,
507,5,0,0,0.8218648,
388,1,1,0,0.5249219,
412,5,1,0,0.916323,
462,2,0,0,0.59589314,
531,2,1,1,0.50370586,
545,1,0,0,0.543009,
590,4,0,0,0.52878803,
385,1,0,0,0.9663149,
694,1,0,0,0.95188475,
367,1,0,0,0.7612533,
328,1,0,0,0.9426932,
324,2,0,0,0.96189713,
244,3,0,0,0.6030292,
137,1,0,0,0.5850381,
36,1,1,1,0.51852995,
242,2,0,0,0.6700974,
217,1,0,0,0.5954163,
88,1,1,0,0.5191096,
460,1,0,0,0.55276364,
753,4,0,0,0.96157616,
801,1,0,0,0.83653784,
718,1,0,0,0.8384986,
286,1,0,0,0.82503176,
32,1,0,0,0.9495696,
379,2,0,0,0.9531219,
611,2,0,0,0.8401103,
776,1,1,0,0.8108089,
146,1,1,1,0.51042986,
15,2,1,1,0.5739036,
620,1,0,0,0.95730937,
311,7,0,0,0.96147466,
748,1,1,0,0.50115216,
590,2,0,0,0.73269755,
428,1,0,0,0.95414835,
644,1,0,0,0.9216531,
329,1,0,0,0.9300632,
95,6,0,0,0.9649523,
399,1,0,0,0.8774391,
245,1,0,1,0.55767256,
314,3,1,1,0.6554264,
339,7,0,0,0.9484127,
823,1,1,1,0.69093597,
326,3,0,0,0.9694398,
228,2,0,0,0.9393354,
483,5,0,0,0.96395284,
355,4,0,0,0.5385951,
613,4,0,1,0.5038039,
295,2,0,0,0.9235116,
50,4,0,0,0.93477976,
231,2,0,0,0.96543026,
786,4,1,1,0.61129624,
422,1,0,0,0.958259,
289,1,0,0,0.9415697,
787,4,1,0,0.5805698,
41,2,0,0,0.94762224,
366,4,1,0,0.6543509,
621,2,0,0,0.90585905,
787,3,0,0,0.8989275,
338,2,0,0,0.9018082,
256,1,0,0,0.9466478,
4,2,0,0,0.9071517,
218,1,0,0,0.5953972,
148,2,0,0,0.95865536,
471,2,0,0,0.6884161,
516,3,0,0,0.77403665,
318,7,0,0,0.7878902,
821,1,0,0,0.68994343,
775,1,0,0,0.8918211,
318,6,0,0,0.86594915,
367,2,0,0,0.83123153,
77,7,0,0,0.6885309,
390,3,0,1,0.5182077,
647,1,0,0,0.9689209,
132,1,1,0,0.57298857,
183,1,0,0,0.89569074,
777,1,1,1,0.5711938,
459,4,0,0,0.7989167,
259,3,0,0,0.9524525,
449,1,1,0,0.5418825,
342,1,0,1,0.5384385,
727,2,1,1,0.51212174,
340,1,0,1,0.5053131,
549,1,0,0,0.7948862,
523,1,0,0,0.9594228,
603,1,0,0,0.7747925,
820,3,0,0,0.6488672,
259,9,0,0,0.774408,
7,1,0,0,0.851954,
194,1,0,0,0.9659968,
570,1,0,0,0.5428514,
700,3,1,1,0.5843939,
186,1,1,1,0.5382463,
235,6,0,0,0.9665992,
250,4,0,0,0.798637,
109,7,0,0,0.9665569,
397,3,0,0,0.91438764,
534,1,1,0,0.5113349,
658,1,0,0,0.9413156,
446,1,1,0,0.9051466,
802,1,1,0,0.85410154,
44,2,0,0,0.9611762,
444,1,0,0,0.96235865,
471,6,0,0,0.9574898,
481,4,0,0,0.9496259,
654,1,1,0,0.7552041,
590,3,0,1,0.5226159,
318,13,1,0,0.6419489,
745,1,0,0,0.9621585,
438,3,0,0,0.5868941,
77,1,0,0,0.9420626,
483,6,0,0,0.5917965,
715,2,0,0,0.95351595,
825,1,0,0,0.95976114,
345,9,0,0,0.88557357,
279,2,1,0,0.8002572,
319,2,0,0,0.9575691,
525,3,0,0,0.95539623,
582,1,1,0,0.7706905,
815,1,0,0,0.53852487,
560,2,1,0,0.82244587,
252,2,1,0,0.68436587,
269,1,0,0,0.94633204,
498,2,0,0,0.9447083,
492,1,1,1,0.6408582,
351,2,0,0,0.85194135,
258,2,0,0,0.8843993,
303,1,0,0,0.9356074,
605,1,0,0,0.96024287,
742,3,0,0,0.6355909,
500,6,0,0,0.8328778,
346,1,0,0,0.9595081,
52,1,0,0,0.82872486,
330,2,0,0,0.9542973,
478,1,0,0,0.9653908,
358,1,0,0,0.58160406,
53,3,1,0,0.64607024,
311,1,1,1,0.6153015,
786,1,1,0,0.9342407,
304,1,0,0,0.9485949,
203,1,0,0,0.5906916,
141,1,0,0,0.7259059,
310,1,1,1,0.5369383,
407,1,0,0,0.68501467,
355,1,0,0,0.6967562,
375,1,1,1,0.6217519,
21,1,0,0,0.7554298,
711,2,0,0,0.9672025,
435,1,0,0,0.6528864,
382,1,0,0,0.94736826,
343,1,1,0,0.6539573,
530,1,0,1,0.52979845,
826,2,0,0,0.9576297,
0,5,0,0,0.6106974,
442,2,0,0,0.7893822,
716,1,0,0,0.962958,
136,1,0,1,0.5001308,
642,1,0,0,0.9643636,
760,1,0,0,0.8966564,
242,1,0,0,0.5888102,
442,1,0,0,0.95085853,
475,1,0,0,0.7008601,
361,1,0,0,0.5000066,
743,2,0,0,0.9353408,
163,1,0,0,0.78505963,
616,1,1,0,0.73968065,
786,3,0,0,0.6219347,
166,2,0,0,0.8566969,
73,1,0,0,0.8724395,
500,4,1,0,0.68292224,
526,1,0,0,0.95956165,
275,2,0,0,0.9417667,
23,1,0,0,0.93830395,
738,2,0,0,0.9581379,
326,1,0,0,0.6355705,
358,4,0,1,0.6430585,
620,3,0,0,0.957998,
489,1,1,0,0.5389261,
504,1,0,0,0.8757796,
250,1,0,0,0.9615094,
424,1,0,0,0.9411414,
308,1,0,0,0.5037786,
220,1,0,0,0.8897071,
258,1,0,0,0.96438164,
171,3,0,0,0.94377327,
5,3,0,0,0.963171,
318,1,1,0,0.7184418,
15,1,0,0,0.9567405,
393,1,0,0,0.85992694,
356,1,0,0,0.70331526,
745,4,0,0,0.67191035,
226,2,0,0,0.8205441,
399,2,0,0,0.6352264,
264,11,0,0,0.9545044,
339,5,0,0,0.5484993,
469,3,1,1,0.5520397,
521,1,1,0,0.5067126,
125,1,0,0,0.85889804,
493,7,0,0,0.80575687,
345,4,0,0,0.83076304,
252,4,0,1,0.6629303,
77,2,1,1,0.6690434,
418,1,0,0,0.54941684,
369,1,0,0,0.9417885,
591,2,0,0,0.9177636,
299,1,1,0,0.95502615,
318,2,0,0,0.7759794,
637,2,0,0,0.51951104,
273,6,0,0,0.83900476,
824,2,0,0,0.96708673,
5,1,1,0,0.89876115,
55,4,0,0,0.78491706,
608,3,0,0,0.9619343,
570,3,0,0,0.7931103,
811,5,0,0,0.9388699,
403,1,0,0,0.64979583,
430,1,0,0,0.9045912,
811,1,1,1,0.6784911,
95,5,0,0,0.90680665,
497,3,0,0,0.9452743,
436,1,0,0,0.8977459,
804,2,1,1,0.53499204,
686,1,0,0,0.8384853,
290,1,0,0,0.5784872,
90,2,1,1,0.5498121,
160,1,1,0,0.61303717,
254,1,0,0,0.96269363,
707,1,0,0,0.8466278,
711,3,0,0,0.87930715,
690,1,0,0,0.9637566,
674,2,0,0,0.7552062,
259,5,0,0,0.51410323,
820,4,0,1,0.5093224,
471,5,0,0,0.53237915,
250,7,0,0,0.9152701,
77,5,1,1,0.5091385,
546,2,0,0,0.9662719,
517,2,1,1,0.5030108,
4,7,0,0,0.9625064,
472,1,0,1,0.5026242,
814,1,1,1,0.50379705,
264,20,0,0,0.9218765,
311,3,1,1,0.65439016,
669,2,0,0,0.96394634,
452,1,0,0,0.88064474,
690,2,0,0,0.9526305,
417,1,0,0,0.7753047,
778,1,0,0,0.9569121,
148,1,0,0,0.56882626,
349,2,1,1,0.62875086,
788,1,0,0,0.839958,
114,1,0,0,0.78759027,
10,1,1,1,0.5060462,
737,2,0,0,0.9581104,
238,1,0,0,0.8591414,
801,3,1,0,0.58680826,
625,1,1,0,0.69276494,
116,1,0,0,0.8268623,
15,3,0,0,0.9273115,
335,3,0,0,0.9206162,
461,3,0,0,0.6008512,
630,1,0,0,0.58417034,
249,4,0,0,0.87461925,
705,1,1,1,0.5130747,
811,4,1,0,0.79264843,
318,4,0,0,0.7937343,
762,2,1,0,0.7045732,
304,5,0,0,0.8134717,
713,2,0,0,0.88935304,
529,1,0,0,0.593009,
502,1,1,0,0.7726222,
636,1,0,0,0.67052186,
685,2,1,0,0.9161264,
586,1,0,0,0.8927975,
756,1,1,0,0.5285419,
351,1,0,0,0.9635182,
78,1,0,0,0.9546964,
416,3,0,0,0.8707348,
514,2,1,0,0.69216305,
354,7,1,0,0.56905967,
740,4,0,0,0.9560541,
382,2,0,0,0.837263,
397,5,0,0,0.9593719,
76,1,1,1,0.56835943,
760,6,0,0,0.6135761,
257,6,1,1,0.6258982,
496,1,0,0,0.7112949,
552,1,1,0,0.74263024,
768,1,1,0,0.50252306,
47,1,0,0,0.95845795,
655,1,0,0,0.8669077,
654,3,1,0,0.95299166,
280,4,1,0,0.7019439,
736,1,0,0,0.95239043,
498,4,0,0,0.9349317,
26,1,1,1,0.5119194,
75,1,0,0,0.96048534,
223,1,0,0,0.94472414,
799,1,1,1,0.5429637,
105,2,1,1,0.6296053,
781,4,0,0,0.7262284,
493,2,0,0,0.7674836,
729,1,0,0,0.50767076,
2,1,0,0,0.66812855,
448,1,0,1,0.530137,
745,3,0,0,0.8809209,
469,1,0,0,0.84381586,
244,1,0,0,0.95501757,
129,3,0,1,0.5116487,
601,1,0,0,0.9673431,
390,4,0,0,0.9458744,
720,1,0,1,0.52514505,
382,5,0,0,0.9622584,
779,1,0,0,0.7518331,
298,2,0,0,0.7488086,
188,4,0,0,0.8399917,
709,1,0,0,0.9510226,
135,2,0,0,0.80666775,
598,1,1,1,0.56294566,
651,1,0,0,0.9224714,
74,1,0,0,0.9519445,
250,3,1,1,0.52418566,
304,6,0,0,0.74869525,
820,2,0,0,0.6032091,
805,2,0,0,0.76002085,
264,24,0,0,0.950641,
404,1,0,0,0.94825566,
252,3,0,0,0.90099657,
752,1,0,0,0.63345826,
507,2,0,0,0.7052908,
70,1,0,0,0.7562275,
710,2,1,0,0.73808366,
793,1,1,0,0.7452838,
222,2,0,0,0.9638835,
416,1,0,0,0.6874395,
775,3,0,0,0.940493,
311,4,0,0,0.96115226,
618,3,0,0,0.91315806,
247,2,1,0,0.79201317,
611,1,0,0,0.9642803,
95,1,0,0,0.70844436,
500,3,1,1,0.5265324,
531,4,0,0,0.85489607,
290,3,0,0,0.5223672,
67,3,1,0,0.5356063,
337,1,0,0,0.8950603,
702,2,0,0,0.6486972,
430,2,0,0,0.7309756,
100,1,1,1,0.6564982,
384,1,0,0,0.94898874,
147,1,1,0,0.5320328,
154,1,0,0,0.86522514,
756,2,0,0,0.73701787,
221,1,1,0,0.5500724,
54,2,0,0,0.9530451,
524,2,0,0,0.7853384,
102,2,1,1,0.57951474,
663,2,0,0,0.96686924,
360,1,1,1,0.6225195,
126,1,0,0,0.8955972,
652,1,1,0,0.7147056,
783,1,0,0,0.9551473,
777,2,0,0,0.92524236,
501,2,0,0,0.7359842,
643,1,1,0,0.56120545,
211,1,0,0,0.65767545,
731,2,1,0,0.5032944,
369,2,0,1,0.5141587,
110,2,0,1,0.51759315,
304,7,0,0,0.9542199,
0,2,0,0,0.50713193,
50,2,0,0,0.9246031,
318,15,1,1,0.5148989,
787,1,0,0,0.69124883,
413,2,0,0,0.8412207,
728,1,0,0,0.8762575,
634,1,0,0,0.8428357,
633,1,0,0,0.7616945,
702,1,0,0,0.9091222,
579,1,0,0,0.5299779,
749,2,0,0,0.9611603,
240,1,1,0,0.534387,
693,5,0,0,0.96382695,
496,2,0,0,0.84822726,
557,1,0,0,0.8915041,
773,1,0,0,0.83747077,
629,2,0,0,0.95690095,
311,8,0,0,0.9409514,
760,5,0,0,0.92252254,
558,1,1,0,0.6239732,
739,1,1,0,0.7339911,
170,1,1,0,0.5608357,
307,1,1,1,0.5473811,
648,2,0,0,0.9633222,
670,1,0,0,0.50394285,
322,2,1,1,0.53766364,
622,3,0,0,0.63076776,
572,2,1,1,0.59285456,
425,1,0,0,0.70584434,
299,3,0,0,0.94681025,
302,1,0,0,0.84631735,
590,1,0,0,0.5195055,
631,2,0,0,0.96522385,
632,8,1,0,0.76293033,
550,2,0,0,0.91921365,
803,1,0,0,0.9607541,
555,1,0,0,0.90754294,
679,1,1,1,0.52828735,
618,2,0,0,0.5713122,
700,2,0,0,0.68080467,
613,2,0,0,0.52837455,
790,2,1,1,0.6717303,
782,2,1,1,0.666081,
764,2,1,1,0.65587145,
348,3,1,0,0.7901698,
306,1,0,1,0.6196689,
447,1,0,0,0.6057319,
761,1,1,0,0.55311996,
268,1,0,0,0.77128184,
317,3,1,0,0.5347913,
277,1,0,0,0.9668318,
487,2,0,0,0.74314743,
562,2,0,0,0.6117779,
512,3,0,0,0.7357313,
261,1,1,0,0.5094901,
468,3,1,0,0.6118257,
264,14,0,0,0.96411675,
517,1,0,0,0.92625284,
335,2,0,0,0.9463347,
767,1,0,0,0.9530683,
646,1,0,0,0.9649196,
250,15,0,0,0.9562204,
45,1,1,0,0.5604212,
452,2,0,0,0.7916931,
272,1,0,0,0.95916533,
561,2,1,0,0.607963,
332,1,1,0,0.60685074,
373,2,0,0,0.55419207,
732,2,1,0,0.7249195,
672,2,0,0,0.5535515,
389,1,1,0,0.7400639,
722,1,0,0,0.6302986,
459,3,0,0,0.7327085,
105,1,1,1,0.5265627,
215,2,0,0,0.9255291,
348,2,1,0,0.7203643,
378,1,0,0,0.52895,
219,1,1,1,0.63581866,
341,2,0,0,0.5457248,
761,3,0,0,0.53994876,
545,2,0,0,0.68523544,
454,1,1,1,0.602963,
305,1,0,0,0.5641842,
781,1,0,0,0.9065489,
292,1,0,0,0.80253327,
417,2,0,0,0.95243406,
717,3,0,1,0.6352343,
325,7,0,0,0.7523654,
317,5,0,0,0.94538146,
46,2,0,0,0.7053119,
352,2,0,0,0.9547176,
732,1,1,0,0.5588697,
226,1,1,1,0.52829105,
256,5,0,0,0.60682243,
471,7,0,0,0.51893055,
467,1,0,0,0.7719088,
404,2,0,0,0.90197283,
344,4,0,0,0.7780638,
101,3,0,0,0.66335636,
62,1,1,0,0.5008542,
464,1,0,1,0.62270665,
18,1,0,0,0.95650065,
450,2,0,0,0.8792437,
117,1,0,0,0.9158727,
691,1,0,0,0.9630807,
208,1,1,1,0.5589312,
150,1,0,0,0.9551138,
232,1,1,1,0.56176853,
215,1,0,0,0.7911769,
283,2,0,0,0.9515306,
695,1,1,0,0.59162015,
502,5,0,0,0.94795185,
479,2,0,0,0.6509084,
678,1,0,0,0.96221405,
306,3,0,0,0.9521515,
501,1,0,0,0.96563196,
616,3,0,0,0.73171586,
259,8,1,1,0.6186683,
32,4,0,0,0.6880086,
4,5,0,0,0.6233986,
511,3,0,0,0.7717746,
470,1,0,0,0.96292394,
253,2,0,0,0.69679755,
208,2,0,0,0.59919375,
95,2,0,0,0.74192595,
340,3,1,1,0.5698269,
109,6,1,0,0.5510428,
347,1,0,0,0.88385785,
474,1,0,0,0.7265784,
382,3,0,0,0.75898314,
184,1,1,0,0.57188493,
325,1,0,0,0.68976825,
155,1,0,0,0.95611906,
450,1,1,0,0.5358952,
568,1,1,0,0.88564694,
672,3,0,0,0.6951406,
244,4,0,0,0.82364404,
824,5,1,0,0.81669974,
354,1,0,0,0.56728673,
142,1,0,0,0.54965657,
438,2,0,0,0.77521634,
102,1,1,0,0.5730437,
78,2,1,0,0.5363151,
724,1,0,0,0.95120347,
326,4,0,0,0.61357284,
222,1,1,0,0.5556758,
319,1,0,0,0.939857,
682,2,0,0,0.6223042,
494,2,1,0,0.54487157,
273,2,1,0,0.9628391,
635,3,0,0,0.7390474,
453,1,1,0,0.5346128,
453,5,0,0,0.7402107,
635,1,1,0,0.7315548,
727,1,1,0,0.73198014,
486,1,1,0,0.75026876,
104,2,0,0,0.96634364,
14,1,0,0,0.93373924,
343,3,1,0,0.5052813,
257,5,1,0,0.74363565,
658,2,0,0,0.9622988,
669,3,0,0,0.8545886,
813,1,0,1,0.5345493,
626,2,0,0,0.8951432,
43,1,0,0,0.6627991,
614,4,0,0,0.5890337,
390,5,1,0,0.7368893,
273,1,1,0,0.5003896,
617,2,0,1,0.5375555,
344,1,0,0,0.84745944,
122,1,0,0,0.6068201,
4,4,0,0,0.78826743,
168,1,0,0,0.9653647,
288,3,1,0,0.59626704,
213,1,0,0,0.6232186,
583,2,0,0,0.95427924,
81,2,0,1,0.5876825,
361,4,0,0,0.9563561,
6,1,0,0,0.6849524,
306,2,0,0,0.86196774,
687,2,0,0,0.85332465,
501,3,1,1,0.58374447,
700,1,0,0,0.9581387,
358,2,0,0,0.6473143,
562,3,0,0,0.5171647,
729,2,1,0,0.58795977,
271,1,0,0,0.5499809,
802,3,1,0,0.5791814,
318,3,0,0,0.8092764,
416,4,0,0,0.8108721,
95,4,0,0,0.62202185,
427,1,1,1,0.6533786,
318,16,1,1,0.5039767,
682,1,0,0,0.9626068,
778,2,1,0,0.5624412,
257,7,0,0,0.9369723,
478,2,1,0,0.6086433,
250,5,0,0,0.81823057,
726,1,0,0,0.57128865,
370,1,0,0,0.52170575,
335,1,1,0,0.517579,
129,2,0,0,0.95304275,
6,2,0,0,0.86023724,
604,6,0,0,0.95523256,
246,2,1,0,0.7375053,
513,1,0,0,0.63283014,
145,3,1,1,0.64865136,
416,2,0,0,0.9511162,
528,1,0,0,0.7547723,
212,1,0,1,0.5162205,
352,3,0,0,0.82849383,
650,1,0,0,0.5069374,
692,2,0,0,0.6863909,
188,2,0,0,0.88263166,
342,2,0,0,0.73872745,
604,1,1,1,0.586705,
772,1,1,0,0.5737705,
58,1,1,1,0.5907168,
772,3,0,0,0.523537,
379,1,0,0,0.76235497,
493,3,0,0,0.7581774,
629,1,0,0,0.9508832,
40,3,0,0,0.9499285,
671,3,1,0,0.8416404,
178,2,1,0,0.6915086,
543,1,0,0,0.95478886,
249,1,0,0,0.8729075,
54,1,0,0,0.7103542,
749,1,1,0,0.5725089,
461,2,0,0,0.8758876,
786,2,0,0,0.96124333,
483,2,0,0,0.78473157,
494,3,1,0,0.79507357,
581,1,0,0,0.9634903,
372,2,1,1,0.54333043,
662,2,0,0,0.8822941,
493,6,0,0,0.6925402,
